stop_id,distance_from_largest_betweenness_centroid,distance_from_largest_betweenness_medoid,distance_from_landuse_centroid
1302216,3.898,3.926,8.849
1302218,4.553,4.581,9.494
1302217,3.799,3.827,8.757
1301215,3.068,3.095,7.948
1310142,5.474,5.501,10.538
1310143,5.461,5.488,10.525
1310145,5.793,5.82,10.834
1320199,5.799,5.825,10.84
1310104,5.025,5.052,10.115
1310141,5.098,5.125,10.173
1310129,5.981,6.009,11.068
1310130,5.982,6.009,11.074
1310131,5.834,5.861,10.901
1532143,5.855,5.882,10.931
1310109,5.718,5.747,10.85
1310110,5.755,5.784,10.887
1310127,5.72,5.748,10.843
1310128,5.742,5.77,10.864
1310146,5.981,6.007,10.999
1310200,6.058,6.085,11.069
1310133,6.099,6.126,11.136
1310134,5.989,6.016,11.037
1310137,6.216,6.243,11.252
1310101,4.875,4.902,9.945
1310102,4.871,4.898,9.937
1310139,4.851,4.878,9.917
1310140,5.214,5.242,10.289
1310103,5.113,5.14,10.214
1201131,4.326,4.352,9.304
1201132,4.313,4.338,9.284
1310205,5.548,5.576,10.677
1310111,5.987,6.015,11.123
1310112,5.955,5.983,11.091
1310124,5.507,5.536,10.657
1310225,5.496,5.525,10.644
1310105,5.27,5.298,10.39
1310106,5.239,5.266,10.35
1310601,5.407,5.435,10.524
1310602,5.402,5.43,10.519
1201107,4.198,4.22,9.012
1201130,4.054,4.078,8.924
1201135,4.152,4.176,9.009
1201136,4.146,4.169,8.993
1201431,4.146,4.169,8.993
1201432,4.152,4.176,9.009
1201601,4.229,4.252,9.082
1201602,4.229,4.252,9.082
1201113,4.143,4.167,8.986
1310126,5.402,5.43,10.537
1310113,6.099,6.127,11.243
1310114,6.086,6.115,11.228
1310115,6.021,6.05,11.176
1310116,6.082,6.111,11.235
1310117,5.842,5.871,10.999
1310118,5.864,5.893,11.021
1310299,5.775,5.804,10.932
1310119,5.653,5.682,10.806
1310120,5.675,5.704,10.828
1310121,5.481,5.51,10.622
1303100,5.082,5.11,10.069
1303102,5.141,5.17,10.123
1303103,5.087,5.116,10.139
1303104,5.103,5.132,10.154
1303105,5.057,5.086,10.086
1303107,5.031,5.059,10.037
1303108,5.089,5.118,10.101
1303112,5.049,5.078,10.033
1303113,5.06,5.088,10.043
1303114,5.074,5.102,10.036
1302219,4.434,4.462,9.38
1303111,5.256,5.285,10.224
1412118,10.975,10.946,5.818
1412134,10.992,10.963,5.835
1412298,11.075,11.046,5.919
1492126,9.43,9.417,9.256
1492122,8.866,8.853,8.731
1492123,8.867,8.854,8.732
1492103,9.796,9.783,9.493
1335100,7.036,7.027,6.587
1335101,7.043,7.034,6.615
1333105,7.419,7.419,8.521
1333106,7.441,7.442,8.569
1333182,7.436,7.437,8.58
1492143,8.557,8.545,8.579
1492144,8.512,8.499,8.558
1492121,8.733,8.72,8.597
1492145,8.747,8.734,8.581
1492146,8.735,8.721,8.572
1492141,8.097,8.086,8.317
1492142,8.094,8.082,8.31
1492100,9.289,9.276,9.151
1492151,8.94,8.926,8.642
1492152,8.893,8.88,8.617
1492147,8.845,8.831,8.453
1492148,8.864,8.85,8.485
1492149,8.713,8.698,8.201
1370103,5.19,5.164,1.362
1370104,5.179,5.152,1.378
1370107,5.79,5.762,1.15
1370108,5.746,5.718,1.096
1370109,5.982,5.954,1.334
1370110,5.934,5.906,1.245
1370124,5.965,5.937,1.303
1370501,5.84,5.812,1.172
1370551,5.84,5.812,1.172
1382119,5.988,5.96,1.221
1382120,6.01,5.982,1.23
1284178,4.761,4.735,1.461
1510101,8.068,8.061,9.031
1510102,8.083,8.076,9.049
1510103,8.142,8.136,9.307
1510104,8.148,8.142,9.3
1495154,7.829,7.82,8.625
1495155,7.817,7.809,8.602
1510105,8.147,8.142,9.524
1510106,8.101,8.096,9.426
1510107,8.356,8.353,9.874
1454120,6.722,6.694,3.158
1454121,6.662,6.635,3.099
1362112,5.537,5.508,1.476
1362113,5.602,5.573,1.601
1362118,5.614,5.585,1.522
1456122,7.134,7.107,3.821
1456123,7.134,7.108,3.84
1362131,5.984,5.955,1.242
1362132,5.966,5.937,1.237
1362119,6.561,6.532,1.764
1362133,6.599,6.57,1.764
1362104,6.809,6.78,1.942
1362143,6.75,6.721,1.894
1362144,6.728,6.699,1.864
1362105,5.424,5.394,0.821
1362107,5.341,5.312,0.857
1362108,5.321,5.291,0.838
1362125,5.514,5.485,0.935
1362139,5.341,5.312,0.936
1362140,5.325,5.295,0.9
1362141,5.5,5.47,0.892
1362142,5.477,5.447,0.812
1473162,10.892,10.865,6.824
1473163,10.88,10.853,6.808
1473164,11.227,11.2,7.071
1473165,11.248,11.22,7.08
1451192,10.361,10.334,6.457
1451193,10.329,10.302,6.428
1473122,10.626,10.598,6.474
1473123,10.336,10.308,6.181
1473121,10.757,10.729,6.607
1451103,9.887,9.859,5.788
1451104,9.892,9.864,5.788
1414145,10.425,10.395,5.354
1414146,10.36,10.331,5.294
1414143,10.039,10.01,4.987
1414144,10.051,10.022,4.997
1414147,10.727,10.698,5.633
1414148,10.709,10.68,5.614
1413112,9.336,9.307,4.232
1413119,9.597,9.568,4.469
1413113,9.243,9.213,4.143
1384161,8.652,8.623,3.587
1385162,8.636,8.607,3.568
1413118,9.502,9.473,4.38
1413114,9.865,9.836,4.72
1413116,10.242,10.213,5.092
1413117,10.258,10.229,5.107
1413283,10.265,10.236,5.111
1413115,9.753,9.724,4.612
1414141,9.824,9.794,4.754
1414142,9.824,9.795,4.752
1414139,9.75,9.721,4.651
1414140,9.783,9.753,4.68
1414137,10.097,10.068,4.97
1414138,10.147,10.118,5.019
1414149,11.035,11.006,5.905
1414154,11.037,11.008,5.908
1414155,10.882,10.853,5.782
1414156,10.859,10.83,5.761
1412130,10.384,10.355,5.232
1413158,10.353,10.323,5.203
1411105,9.982,9.953,4.827
1414152,10.688,10.659,5.564
1414153,10.667,10.638,5.539
1414135,10.484,10.455,5.349
1414136,10.465,10.435,5.33
1412132,10.778,10.749,5.621
1370113,6.487,6.461,2.224
1370114,6.435,6.409,2.165
1391116,6.75,6.725,2.632
1391117,6.729,6.703,2.61
1370111,6.218,6.191,1.705
1370112,6.23,6.203,1.724
1370118,6.301,6.274,1.78
1370102,6.056,6.029,1.801
1362127,6.118,6.089,1.661
1362128,6.125,6.096,1.653
1362129,6.423,6.394,1.742
1362130,6.356,6.327,1.712
1362115,5.796,5.767,1.562
1362116,5.772,5.743,1.542
1362145,7.18,7.151,2.373
1362146,7.139,7.11,2.31
1362101,6.742,6.713,2.025
1385152,8.219,8.19,3.137
1412133,10.688,10.659,5.532
1411111,10.522,10.493,5.375
1411112,10.545,10.516,5.398
1411119,10.632,10.604,5.483
1412120,10.663,10.634,5.511
1385160,8.349,8.32,3.215
1385161,8.319,8.29,3.194
1382158,8.113,8.085,3.039
1382159,8.081,8.053,3.015
1385180,9.263,9.234,4.143
1392101,8.453,8.425,3.374
1392102,8.454,8.426,3.375
1382111,8.258,8.23,3.185
1392100,8.236,8.207,3.161
1392103,8.682,8.654,3.626
1392104,8.692,8.664,3.636
1382112,7.733,7.705,2.687
1382165,7.495,7.467,2.483
1382166,7.409,7.38,2.404
1385104,9.471,9.443,4.366
1411102,9.499,9.471,4.403
1411103,9.54,9.511,4.429
1385102,9.166,9.138,4.054
1385163,9.138,9.109,4.017
1411100,9.329,9.301,4.299
1411104,9.327,9.299,4.297
1385100,9.175,9.146,4.083
1385101,9.175,9.146,4.083
1392105,8.887,8.859,3.831
1392106,8.894,8.866,3.838
1392107,9.014,8.985,3.958
1392108,9.006,8.978,3.951
1392501,8.96,8.931,3.923
1392551,8.96,8.931,3.923
1392138,8.923,8.895,3.941
1392155,8.911,8.883,3.929
1392150,8.782,8.754,3.763
1392151,8.766,8.737,3.748
1392136,9.245,9.218,4.332
1402181,9.274,9.247,4.373
1402182,9.301,9.273,4.373
1392148,8.348,8.32,3.353
1392149,8.337,8.31,3.364
1382163,7.253,7.225,2.258
1382164,7.172,7.144,2.163
1382174,7.145,7.117,2.125
1382176,7.168,7.14,2.153
1382185,7.107,7.078,2.089
1382188,7.151,7.123,2.126
1382501,7.204,7.176,2.223
1382551,7.204,7.176,2.223
1402125,10.155,10.127,5.188
1402126,10.16,10.133,5.192
1402154,10.137,10.11,5.163
1402155,10.137,10.109,5.165
1411117,10.135,10.107,5.139
1411118,10.131,10.103,5.135
1411501,10.131,10.103,5.154
1411551,10.131,10.103,5.154
1364103,4.458,4.429,0.7
1364104,4.423,4.394,0.735
1361112,4.101,4.071,1.103
1364102,4.099,4.07,1.085
1364101,4.092,4.063,1.095
1383101,4.952,4.923,0.24
1383102,4.938,4.909,0.269
1383119,4.993,4.964,0.329
1383159,4.985,4.956,0.313
1364105,4.906,4.877,0.273
1364106,4.883,4.854,0.291
1401103,8.655,8.63,4.378
1401104,8.724,8.699,4.449
1401101,8.261,8.237,4.213
1401102,8.291,8.266,4.236
1401105,9.038,9.013,4.812
1401107,9.002,8.977,4.773
1401117,8.993,8.968,4.744
1401145,8.94,8.915,4.727
1401109,9.125,9.1,4.735
1401110,9.137,9.112,4.735
1401156,9.141,9.116,4.799
1403126,8.217,8.192,3.867
1403127,8.181,8.155,3.841
1382101,7.126,7.097,2.025
1382102,7.108,7.078,2.011
1382128,6.704,6.675,1.549
1382143,6.788,6.759,1.631
1382144,6.785,6.756,1.628
1382150,6.746,6.717,1.589
1382151,6.709,6.68,1.553
1474122,7.287,7.257,2.41
1382145,7.095,7.066,1.96
1382146,7.091,7.062,1.953
1382147,7.404,7.375,2.281
1382148,7.467,7.438,2.343
1382173,7.558,7.529,2.427
1385172,7.577,7.548,2.443
1383106,6.302,6.273,1.199
1383113,6.323,6.294,1.216
1383115,6.495,6.466,1.354
1383116,6.475,6.446,1.336
1383104,5.987,5.958,0.919
1383105,5.954,5.925,0.89
1383111,6.433,6.404,1.371
1383112,6.354,6.325,1.316
1382113,6.637,6.607,1.495
1383109,5.761,5.732,0.76
1383110,5.74,5.711,0.732
1383124,5.726,5.696,0.696
1383125,5.705,5.676,0.685
1382115,6.681,6.652,1.538
1382116,6.665,6.636,1.521
1382123,6.877,6.849,1.828
1382124,6.849,6.82,1.795
1383114,6.513,6.484,1.394
1382104,6.838,6.809,1.691
1401114,7.983,7.959,4.03
1403115,7.901,7.876,3.931
1392157,7.823,7.795,2.904
1392158,7.822,7.794,2.909
1392188,8.015,7.987,3.146
1381155,7.565,7.538,2.668
1381156,7.558,7.53,2.66
1392146,8.271,8.243,3.334
1392147,8.277,8.249,3.36
1392143,8.234,8.206,3.402
1392144,8.24,8.213,3.412
1391187,8.087,8.06,3.245
1391112,7.696,7.671,3.611
1391113,7.71,7.685,3.63
1403134,7.746,7.721,3.717
1403135,7.82,7.795,3.765
1391110,7.488,7.463,3.306
1391111,7.445,7.419,3.234
1391122,7.448,7.422,3.339
1391123,7.425,7.399,3.33
1391108,7.396,7.37,2.965
1391109,7.378,7.352,2.933
1353123,6.452,6.43,3.489
1353121,6.285,6.264,3.609
1382175,7.744,7.715,2.59
1385174,7.754,7.725,2.6
1382186,7.676,7.648,2.543
1382187,7.67,7.641,2.536
1382179,7.696,7.666,2.542
1385178,7.704,7.675,2.55
1382141,7.721,7.693,2.636
1382142,7.683,7.654,2.585
1382139,7.402,7.373,2.293
1382140,7.397,7.369,2.291
1381123,7.136,7.108,2.36
1381126,7.184,7.157,2.402
1381124,7.11,7.083,2.401
1381101,7.032,7.004,2.056
1381102,7.036,7.008,2.069
1381103,7.043,7.015,2.069
1381104,7.017,6.989,2.046
1381105,7.07,7.042,2.105
1381106,7.047,7.019,2.078
1381120,7.126,7.098,2.195
1381121,7.13,7.102,2.23
1382133,7.078,7.05,2.12
1382135,7.003,6.975,2.038
1382177,6.904,6.876,1.947
1382178,6.918,6.89,1.951
1391106,7.369,7.343,2.789
1391139,7.404,7.377,2.785
1381107,7.315,7.288,2.68
1391105,7.267,7.241,2.685
1382167,7.443,7.414,2.373
1382168,7.428,7.4,2.355
1382169,7.036,7.008,1.988
1382170,6.96,6.932,1.935
1381153,7.343,7.315,2.44
1381154,7.367,7.339,2.467
1370121,6.425,6.397,1.55
1285103,3.761,3.734,1.783
1285104,3.792,3.765,1.757
1285501,3.79,3.763,1.772
1285551,3.79,3.763,1.772
1384147,7.749,7.719,2.652
1385148,7.733,7.704,2.632
1384149,8.028,7.999,2.942
1385150,7.996,7.966,2.905
1384151,8.324,8.295,3.249
1391118,6.97,6.945,2.942
1391119,6.944,6.919,2.92
1391120,7.229,7.204,3.209
1391121,7.135,7.11,3.158
1391125,7.261,7.236,3.228
1391134,7.283,7.257,3.058
1391135,7.288,7.262,3.06
1391124,7.155,7.129,3.033
1391136,7.148,7.123,3.033
1391103,6.98,6.954,2.665
1391107,6.946,6.92,2.659
1391190,7.615,7.589,3.289
1391191,7.552,7.526,3.245
1391142,7.877,7.85,3.208
1391143,7.919,7.892,3.242
1391141,7.543,7.516,2.899
1391192,8.195,8.168,3.54
1391193,8.179,8.152,3.521
1391140,7.663,7.636,3.009
1391100,7.103,7.076,2.681
1391102,7.101,7.075,2.672
1391101,6.94,6.914,2.43
1391104,6.859,6.832,2.352
1370128,6.693,6.666,2.136
1381113,6.702,6.675,2.171
1370119,6.532,6.504,1.826
1370120,6.513,6.486,1.813
1401106,9.251,9.226,5.044
1401130,9.226,9.201,5.05
1401132,9.174,9.149,4.984
1401131,9.462,9.437,5.165
1401133,9.414,9.389,5.136
1401134,9.587,9.562,5.236
1401135,9.624,9.599,5.261
1401124,9.723,9.697,5.238
1401136,9.771,9.745,5.3
1401113,9.999,9.972,5.403
1401148,9.931,9.905,5.325
1401180,9.859,9.833,5.285
1401151,8.795,8.77,4.687
1403169,9.222,9.197,4.762
1403170,9.155,9.129,4.676
1401111,9.669,9.643,5.128
1401112,9.647,9.621,5.129
1401119,9.576,9.55,5.06
1403167,8.961,8.935,4.379
1403168,8.979,8.953,4.419
1401123,10.626,10.599,5.814
1401224,10.704,10.677,5.87
1402120,10.696,10.669,5.892
1402119,10.452,10.425,5.611
1402153,10.471,10.444,5.628
1401127,10.647,10.621,6.042
1402121,10.313,10.286,5.435
1402122,10.339,10.311,5.439
1411130,10.425,10.398,5.431
1411131,10.423,10.395,5.414
1411101,10.316,10.288,5.262
1411128,10.363,10.335,5.316
1402150,10.253,10.225,5.309
1402152,10.292,10.264,5.348
1411109,10.159,10.131,5.077
1411110,10.166,10.138,5.081
1401128,10.436,10.41,5.841
1401129,10.74,10.714,6.147
1401154,10.011,9.984,5.317
1401155,10.004,9.977,5.296
1402127,10.055,10.028,5.3
1402128,10.052,10.025,5.264
1402144,10.158,10.131,5.314
1402145,10.094,10.067,5.278
1411115,9.856,9.828,4.836
1411116,9.865,9.837,4.846
1402156,9.836,9.808,4.844
1402157,9.749,9.721,4.755
1333502,6.865,6.865,7.872
1333552,6.865,6.865,7.872
1401138,10.227,10.201,5.613
1401152,10.168,10.142,5.577
1401115,9.985,9.959,5.592
1401147,10.224,10.198,5.542
1401149,10.385,10.358,5.713
1411124,10.303,10.275,5.194
1411125,10.346,10.317,5.226
1411123,10.489,10.46,5.349
1411122,10.392,10.363,5.258
1411108,10.166,10.137,5.016
1411107,10.295,10.266,5.146
1413256,9.982,9.953,4.826
1411106,9.879,9.851,4.724
1403133,8.812,8.785,4.119
1403166,8.861,8.834,4.173
1411113,9.635,9.607,4.613
1411114,9.655,9.627,4.633
1402173,9.412,9.384,4.398
1411174,9.486,9.458,4.474
1392180,9.318,9.29,4.332
1402179,9.33,9.302,4.34
1392184,9.122,9.094,4.273
1402183,9.15,9.122,4.296
1392165,8.87,8.843,4.063
1392185,8.801,8.774,4.0
1403164,8.799,8.772,4.019
1403194,8.327,8.301,3.724
1403195,8.322,8.295,3.724
1391196,8.64,8.613,3.919
1403175,8.634,8.607,3.947
1403197,8.563,8.536,3.885
1403130,8.55,8.524,4.014
1403131,8.513,8.487,4.0
1403128,8.365,8.339,3.94
1403129,8.363,8.337,3.94
1403171,8.685,8.659,4.055
1403172,8.683,8.656,4.059
1392154,8.687,8.66,3.84
1382122,6.542,6.514,1.636
1383130,5.906,5.878,0.863
1383131,5.928,5.9,0.887
1383180,5.821,5.793,0.95
1383181,5.867,5.839,0.963
1383128,5.843,5.815,0.694
1383129,5.83,5.801,0.676
1370115,5.817,5.79,1.477
1370116,5.857,5.83,1.572
1370106,5.946,5.919,1.683
1370117,5.776,5.749,1.271
1370122,5.794,5.767,1.275
1342101,5.271,5.248,2.51
1342102,5.225,5.202,2.542
1370127,5.654,5.626,0.909
1370126,5.467,5.439,0.887
1370125,5.194,5.166,0.869
1361105,4.48,4.45,0.855
1361120,4.564,4.535,0.768
1361104,3.557,3.528,1.731
1362137,5.423,5.394,1.234
1362138,5.432,5.403,1.216
1431137,6.357,6.33,3.16
1431138,6.35,6.323,3.139
1454184,6.358,6.331,3.153
1361114,4.369,4.34,0.876
1361115,4.4,4.371,0.854
1361116,4.774,4.745,0.544
1361117,4.813,4.783,0.528
1361106,4.353,4.324,0.972
1361107,4.988,4.959,0.651
1361108,4.933,4.904,0.575
1383107,5.502,5.473,0.629
1383108,5.468,5.438,0.613
1383133,5.383,5.354,0.57
1383179,5.382,5.353,0.574
1363101,5.384,5.354,0.688
1240122,2.475,2.446,2.755
1240123,2.512,2.482,2.702
1240101,2.433,2.404,2.725
1260102,2.443,2.414,2.715
1383134,5.267,5.238,0.361
1383135,5.265,5.236,0.306
1383136,5.109,5.08,0.146
1383138,5.127,5.098,0.152
1386100,5.156,5.127,0.088
1386101,5.153,5.123,0.127
1383192,5.169,5.141,0.166
1285101,4.243,4.215,1.317
1285102,4.226,4.199,1.339
1383117,5.668,5.639,0.552
1383118,5.654,5.625,0.54
1383120,5.507,5.478,0.358
1383121,5.721,5.692,0.599
1383122,5.729,5.7,0.608
1383126,5.759,5.73,0.655
1383127,5.752,5.723,0.657
1383100,5.872,5.843,0.742
1383103,5.964,5.935,0.807
1383123,5.587,5.558,0.491
1383132,5.609,5.58,0.508
1383191,5.645,5.616,0.577
1494167,5.7,5.689,6.653
1494102,5.78,5.77,6.96
1494103,5.747,5.737,6.96
1493163,5.728,5.716,6.385
1494165,5.7,5.688,6.525
1494107,6.12,6.111,7.214
1494157,6.14,6.13,7.219
1494104,5.886,5.877,7.161
1494105,5.866,5.857,7.148
1491166,6.311,6.3,7.05
1491167,6.297,6.285,6.949
1493102,6.285,6.273,6.959
1491133,7.089,7.076,7.265
1491134,7.096,7.083,7.252
1491131,7.024,7.009,6.942
1491132,7.041,7.026,6.916
1491136,7.226,7.214,7.601
1495135,7.275,7.263,7.672
1495150,7.369,7.358,7.88
1495151,7.386,7.375,7.887
1495101,7.597,7.588,8.296
1495152,7.609,7.6,8.337
1495153,7.567,7.558,8.28
1491124,7.056,7.038,6.297
1491125,7.05,7.032,6.28
1491152,7.244,7.226,6.346
1491126,7.293,7.276,6.685
1491127,7.276,7.258,6.642
1491122,6.793,6.776,6.15
1491123,6.776,6.758,6.136
1491199,7.021,7.002,6.046
1491138,7.608,7.597,7.948
1492137,7.68,7.669,8.011
1491159,6.383,6.369,6.718
1491160,6.377,6.364,6.721
1491111,6.514,6.501,6.806
1491112,6.582,6.569,6.822
1491143,6.619,6.607,7.19
1491144,6.623,6.612,7.193
1493161,6.162,6.148,6.457
1491135,6.333,6.318,6.379
1491109,6.769,6.755,6.827
1491110,6.793,6.778,6.842
1491113,6.653,6.641,7.121
1491171,6.583,6.571,7.039
1491128,7.224,7.208,6.833
1491129,7.253,7.237,6.851
1491107,6.819,6.804,6.716
1491108,6.823,6.808,6.664
1491155,6.846,6.83,6.626
1491156,6.864,6.848,6.555
1491157,6.9,6.884,6.668
1491169,7.035,7.02,6.734
1491170,6.993,6.978,6.71
1491147,6.909,6.892,6.451
1491148,6.883,6.866,6.438
1491158,6.798,6.781,6.386
1491168,6.798,6.781,6.354
1491101,6.612,6.594,6.055
1491102,6.554,6.536,5.984
1491103,6.746,6.729,6.24
1491104,6.722,6.705,6.186
1434170,6.101,6.082,5.485
1434171,6.062,6.043,5.372
1434173,6.197,6.178,5.624
1434174,6.185,6.167,5.584
1434176,6.038,6.019,5.405
1491150,7.005,6.988,6.475
1491163,6.46,6.449,7.285
1491164,6.447,6.437,7.268
1491121,6.776,6.766,7.542
1491161,6.702,6.692,7.453
1491162,6.692,6.682,7.462
1491119,6.982,6.971,7.571
1491120,6.999,6.988,7.575
1491115,6.868,6.856,7.324
1491117,7.106,7.095,7.562
1491118,7.081,7.07,7.525
1491116,6.773,6.761,7.226
1491139,6.659,6.648,7.32
1495157,7.401,7.391,8.041
1495104,7.922,7.911,8.317
1495105,7.942,7.931,8.37
1495102,7.788,7.778,8.344
1495103,7.794,7.784,8.348
1420121,3.807,3.797,5.594
1420122,3.812,3.801,5.6
1420125,3.768,3.759,5.808
1420126,3.784,3.775,5.811
1420103,4.108,4.094,5.266
1420104,4.01,3.996,5.176
1420113,4.035,4.021,5.256
1420114,4.049,4.035,5.241
1420120,3.491,3.484,5.878
1541139,10.762,10.739,7.918
1541140,10.731,10.708,7.894
1541143,10.488,10.464,7.714
1541144,10.472,10.449,7.701
1541145,11.109,11.086,8.195
1541146,11.098,11.075,8.184
1544102,9.926,9.903,7.429
1544103,9.924,9.902,7.425
1544100,10.194,10.171,7.607
1544101,10.182,10.159,7.596
1544155,9.968,9.945,7.528
1541141,10.169,10.145,7.342
1541142,10.176,10.152,7.344
1541137,10.304,10.28,7.579
1541138,10.282,10.259,7.55
1541193,10.373,10.349,7.35
1541195,10.333,10.309,7.349
1541196,10.339,10.315,7.33
1541601,10.355,10.331,7.336
1541602,10.355,10.331,7.336
1452119,9.007,8.981,5.557
1452601,9.025,8.999,5.603
1452602,9.025,8.999,5.603
1453107,8.949,8.923,5.467
1453134,8.953,8.927,5.518
1452139,9.268,9.243,6.157
1452140,9.259,9.234,6.152
1452170,9.199,9.174,6.146
1431135,6.005,5.978,3.097
1431136,5.965,5.938,3.106
1433103,6.146,6.122,4.204
1433104,6.175,6.151,4.182
1433106,5.949,5.926,4.387
1433105,5.939,5.916,4.385
1433118,6.528,6.504,4.179
1433119,6.495,6.47,4.178
1433127,6.376,6.351,4.062
1433128,6.35,6.325,4.043
1433183,6.342,6.317,3.977
1434114,5.187,5.167,4.885
1434190,5.204,5.185,4.944
1431186,4.781,4.762,4.689
1434185,5.468,5.45,5.2
1434186,5.472,5.454,5.211
1431102,4.926,4.906,4.684
1420117,4.472,4.455,4.912
1420118,4.419,4.401,4.87
1434101,5.061,5.042,4.682
1433108,5.74,5.719,4.765
1420136,4.53,4.512,4.811
1433107,5.832,5.81,4.601
1431180,5.695,5.672,4.274
1431104,5.365,5.344,4.549
1431106,5.415,5.393,4.559
1431107,5.378,5.357,4.528
1431108,5.44,5.418,4.479
1431139,5.42,5.399,4.476
1431140,5.447,5.425,4.377
1431183,5.427,5.405,4.548
1431185,5.437,5.416,4.541
1431187,5.354,5.333,4.599
1431188,5.45,5.428,4.531
1431189,5.458,5.436,4.517
1431601,5.412,5.391,4.523
1431602,5.412,5.391,4.523
1431133,5.879,5.853,3.342
1431134,5.878,5.852,3.355
1432152,6.954,6.933,5.345
1432155,6.884,6.862,5.306
1432151,6.588,6.567,5.165
1432157,6.651,6.63,5.099
1432158,6.644,6.623,5.104
1432112,6.711,6.689,4.924
1432159,6.769,6.746,4.942
1432160,6.713,6.69,4.954
1433156,6.271,6.25,5.083
1433173,6.283,6.262,5.092
1432154,6.568,6.545,4.865
1432161,6.983,6.959,4.849
1432162,6.971,6.948,4.855
1432116,6.501,6.479,4.925
1440103,6.761,6.741,5.597
1440104,6.756,6.736,5.585
1440105,7.029,7.008,5.723
1440106,6.975,6.954,5.691
1432110,7.227,7.205,5.439
1432111,7.159,7.136,5.371
1440109,7.309,7.287,5.643
1440107,7.182,7.161,5.715
1440108,7.179,7.158,5.706
1456197,6.566,6.539,3.554
1456198,6.449,6.422,3.616
1456194,6.752,6.726,3.915
1456195,6.744,6.718,3.948
1456107,7.014,6.989,4.158
1456118,7.018,6.992,4.108
1453105,7.468,7.443,4.589
1453106,7.459,7.433,4.575
1453127,7.419,7.394,4.516
1453185,7.441,7.415,4.487
1456153,6.913,6.888,4.097
1433120,6.676,6.651,4.147
1433121,6.662,6.637,4.139
1432122,6.88,6.855,4.315
1432123,6.887,6.862,4.317
1456196,6.776,6.75,3.798
1440101,6.523,6.503,5.5
1440102,6.462,6.442,5.45
1434154,5.826,5.806,4.906
1434177,5.852,5.833,5.281
1434178,5.84,5.82,5.238
1434179,5.816,5.798,5.448
1434180,5.828,5.809,5.438
1434172,5.681,5.662,5.296
1433113,5.641,5.62,4.751
1434102,5.66,5.64,4.927
1434103,5.684,5.663,4.873
1434112,5.648,5.628,4.779
1434167,5.631,5.611,4.948
1434168,5.655,5.635,4.947
1434183,5.549,5.531,5.342
1434184,5.581,5.563,5.379
1432180,7.323,7.299,5.022
1432181,7.257,7.233,4.964
1432178,7.105,7.081,4.847
1432179,7.091,7.067,4.834
1455158,7.743,7.719,5.257
1455159,7.758,7.734,5.255
1432107,7.046,7.022,4.657
1432125,6.974,6.95,4.625
1432164,6.978,6.954,4.671
1432126,7.156,7.132,4.76
1432124,7.167,7.143,4.548
1432105,7.168,7.143,4.669
1432106,7.077,7.052,4.574
1434153,5.973,5.952,5.007
1433166,6.218,6.197,5.173
1434165,6.244,6.223,5.232
1434169,5.942,5.922,5.088
1431141,5.426,5.403,4.228
1431154,5.232,5.21,4.186
1431129,6.183,6.158,3.814
1431130,6.209,6.184,3.858
1431182,6.208,6.183,3.895
1431603,6.154,6.129,3.875
1431604,6.154,6.129,3.875
1420601,4.234,4.217,4.869
1420602,4.234,4.217,4.869
1431143,5.452,5.428,3.8
1431144,5.413,5.389,3.861
1431142,5.408,5.385,4.09
1431145,5.622,5.597,3.657
1431146,5.574,5.55,3.671
1431131,6.031,6.006,3.669
1431132,6.008,5.983,3.642
1431149,5.901,5.876,3.552
1431150,5.938,5.912,3.542
1453104,8.005,7.98,4.953
1453116,7.993,7.967,4.923
1453126,7.981,7.955,4.978
1453128,8.014,7.989,4.997
1453130,8.047,8.021,5.012
1453132,8.091,8.066,5.042
1453182,8.016,7.99,4.965
1453184,7.978,7.953,4.969
1453186,8.01,7.984,4.988
1453189,7.981,7.955,4.946
1453202,7.974,7.948,4.934
1453287,8.044,8.019,5.005
1453601,8.08,8.054,5.025
1453602,8.08,8.054,5.025
1457106,8.089,8.064,5.07
1457107,8.126,8.101,5.118
1431147,5.747,5.722,3.611
1431148,5.706,5.681,3.613
1431151,5.784,5.759,3.493
1431152,5.816,5.79,3.467
1420101,3.769,3.755,5.21
1420102,3.764,3.751,5.199
1100109,3.078,3.066,5.183
1100110,3.091,3.079,5.17
1100123,3.044,3.032,5.208
1420105,4.353,4.339,5.389
1420106,4.295,4.281,5.362
1420107,4.719,4.704,5.488
1420108,4.66,4.645,5.467
1420123,4.312,4.295,4.988
1420124,4.316,4.3,4.989
1420115,3.888,3.873,5.111
1420116,3.984,3.968,4.986
1420109,4.756,4.739,5.172
1420112,4.664,4.647,4.979
1420119,4.709,4.691,4.978
1420132,4.649,4.632,4.957
1420127,4.573,4.557,5.207
1100133,2.666,2.654,5.059
1100134,2.673,2.66,5.058
1100601,2.738,2.727,5.124
1100602,2.739,2.727,5.121
1420110,4.752,4.735,5.274
1453154,7.6,7.573,4.35
1453155,7.567,7.541,4.381
1453151,7.418,7.391,3.998
1453152,7.423,7.396,3.997
1454118,7.219,7.192,3.604
1454119,7.245,7.217,3.678
1473103,11.434,11.406,7.068
1473104,11.453,11.425,7.105
1473101,11.453,11.425,7.182
1473102,11.408,11.381,7.167
1473119,11.379,11.351,7.189
1473120,11.369,11.341,7.175
1473105,11.137,11.109,6.71
1473106,11.201,11.173,6.784
1473116,11.337,11.309,6.87
1473168,11.644,11.616,7.424
1473183,11.674,11.647,7.463
1532118,11.298,11.272,7.54
1532119,11.248,11.221,7.488
1541047,11.408,11.382,7.575
1541101,11.457,11.43,7.622
1541103,11.363,11.337,7.585
1541184,11.493,11.467,7.664
1600201,12.518,12.49,7.996
1473111,11.593,11.566,7.466
1473112,11.565,11.538,7.469
1541149,11.681,11.654,7.761
1541150,11.681,11.654,7.752
1454111,8.558,8.53,4.516
1454112,8.528,8.5,4.494
1454116,8.561,8.534,4.743
1454117,8.538,8.51,4.734
1454100,8.306,8.278,4.059
1454113,8.305,8.277,4.067
1454114,8.282,8.254,4.051
1454143,8.23,8.202,4.005
1454144,8.259,8.231,4.058
1471175,8.448,8.42,4.16
1471176,8.397,8.369,4.14
1454138,8.413,8.385,4.322
1454140,8.344,8.317,4.327
1454141,8.335,8.307,4.369
1454601,8.391,8.363,4.367
1454602,8.391,8.363,4.367
1454110,8.466,8.438,4.382
1454115,8.697,8.669,4.744
1454127,8.671,8.644,4.715
1454123,8.403,8.376,4.557
1454124,8.401,8.374,4.581
1471109,9.154,9.126,4.578
1471117,9.33,9.301,4.779
1471137,9.122,9.093,4.554
1471138,9.103,9.074,4.533
1471159,9.2,9.172,4.633
1471160,9.17,9.141,4.609
1471179,9.182,9.153,4.617
1471181,9.191,9.163,4.596
1473601,9.252,9.224,4.689
1473602,9.252,9.224,4.689
1454109,7.986,7.958,4.054
1471164,8.771,8.743,4.71
1471123,8.914,8.886,4.765
1471124,8.853,8.825,4.725
1471114,8.836,8.809,4.828
1471125,9.252,9.224,4.99
1471129,9.794,9.766,5.561
1471130,9.776,9.748,5.573
1453109,8.562,8.535,4.96
1453110,8.541,8.514,4.954
1451127,10.096,10.069,6.307
1451128,10.09,10.064,6.303
1451190,9.936,9.91,6.188
1451191,9.906,9.88,6.156
1455164,8.606,8.581,5.776
1455165,8.629,8.605,5.775
1455162,8.445,8.42,5.725
1455163,8.418,8.394,5.737
1455108,8.928,8.904,6.098
1455111,8.959,8.935,6.051
1455166,8.87,8.845,5.979
1455167,8.878,8.853,5.975
1455161,8.095,8.071,5.488
1471143,9.197,9.168,4.366
1471144,9.189,9.16,4.358
1471145,9.438,9.409,4.556
1471146,9.49,9.46,4.599
1471136,8.979,8.95,4.227
1471141,9.024,8.995,4.265
1471142,8.992,8.963,4.268
1471135,9.618,9.589,4.731
1471147,9.786,9.757,4.897
1473107,10.942,10.913,6.504
1473108,10.939,10.91,6.506
1472101,10.607,10.579,6.091
1472102,10.641,10.613,6.122
1472112,10.431,10.403,5.933
1472194,10.514,10.485,5.993
1473109,10.613,10.584,6.114
1473113,10.674,10.646,6.19
1473118,10.636,10.607,6.129
1473180,10.679,10.651,6.16
1473221,10.648,10.619,6.132
1473223,10.634,10.605,6.12
1473604,10.72,10.692,6.192
1473114,11.217,11.189,6.715
1474114,7.804,7.775,3.302
1474184,7.824,7.795,3.309
1474109,7.799,7.77,3.191
1474101,8.103,8.074,3.527
1474102,8.047,8.018,3.489
1474111,8.043,8.014,3.511
1474112,8.034,8.006,3.508
1454103,7.337,7.309,3.097
1454104,7.334,7.306,3.096
1454105,7.409,7.38,3.095
1454142,7.411,7.382,3.094
1454101,7.269,7.241,3.195
1454102,7.253,7.225,3.166
1454131,7.393,7.365,2.971
1454133,7.422,7.393,3.008
1454129,7.535,7.506,3.124
1454135,7.54,7.511,3.142
1474116,7.587,7.559,3.083
1474127,7.645,7.617,3.125
1474128,7.602,7.573,3.107
1474189,7.536,7.507,3.049
1362102,7.364,7.335,2.742
1362103,7.349,7.32,2.736
1362149,7.286,7.257,2.663
1362150,7.31,7.281,2.683
1474121,7.454,7.425,2.595
1454147,7.378,7.35,3.389
1454156,7.231,7.204,3.512
1454157,7.23,7.202,3.498
1454149,7.318,7.29,3.443
1454150,7.325,7.298,3.455
1454148,7.472,7.443,3.417
1454145,7.792,7.764,3.582
1454146,7.862,7.833,3.637
1454106,7.718,7.69,3.65
1474105,8.606,8.577,3.844
1474106,8.593,8.564,3.834
1474103,8.524,8.495,3.83
1474104,8.504,8.475,3.813
1474120,8.484,8.455,3.776
1474107,8.907,8.878,4.126
1474108,8.84,8.811,4.038
1471157,9.111,9.083,4.796
1471158,9.097,9.069,4.772
1471126,9.16,9.132,4.948
1471111,9.325,9.297,4.942
1471112,9.348,9.32,4.95
1471119,8.933,8.905,4.488
1471156,8.894,8.865,4.502
1471185,8.928,8.9,4.545
1471122,9.847,9.818,5.062
1472153,9.872,9.843,5.088
1471151,9.676,9.647,4.942
1471152,9.672,9.644,4.933
1471108,9.691,9.662,4.899
1472125,10.047,10.019,5.31
1472126,10.044,10.015,5.305
1472106,10.108,10.079,5.333
1471105,9.447,9.419,4.793
1471106,9.456,9.428,4.804
1471149,9.554,9.525,4.886
1471150,9.536,9.508,4.907
1471154,8.805,8.777,4.087
1471133,8.78,8.751,4.079
1471139,9.107,9.078,4.447
1471140,9.083,9.054,4.421
1471155,8.662,8.633,4.033
1472123,9.938,9.909,5.248
1472124,9.894,9.865,5.217
1472121,9.665,9.636,5.044
1472122,9.672,9.643,5.049
1472195,9.737,9.709,5.112
1472196,9.756,9.727,5.137
1472108,10.397,10.369,5.716
1472109,10.405,10.376,5.719
1472104,10.445,10.416,5.795
1472107,10.205,10.176,5.454
1471153,9.369,9.341,4.741
1471116,9.8,9.772,5.239
1472197,10.014,9.985,5.418
1472198,9.994,9.965,5.395
1472113,10.052,10.024,5.523
1472114,10.097,10.069,5.584
1471161,9.34,9.311,4.857
1471118,9.444,9.416,4.893
1471173,8.868,8.839,4.387
1471174,8.837,8.809,4.362
1471184,8.534,8.505,4.016
1471195,8.535,8.507,4.035
1471171,8.666,8.637,4.27
1471172,8.612,8.584,4.236
1471186,8.668,8.639,4.212
1471197,8.668,8.64,4.218
1471120,9.025,8.997,4.549
1471182,8.248,8.219,3.724
1471193,8.243,8.214,3.723
1471180,8.078,8.049,3.616
1471183,8.078,8.05,3.653
1471177,8.109,8.081,3.808
1471178,8.118,8.09,3.812
1454136,7.978,7.949,3.683
1454107,7.994,7.966,3.864
1472131,9.931,9.903,5.56
1472132,9.894,9.866,5.546
1472105,10.037,10.009,5.706
1472133,10.055,10.026,5.616
1472134,10.08,10.052,5.639
1472115,10.21,10.182,5.859
1472100,10.402,10.373,5.805
1472135,10.424,10.395,5.833
1472148,10.376,10.347,5.796
1472110,10.322,10.294,5.686
1472111,10.333,10.304,5.695
1472128,10.268,10.239,5.694
1473124,10.882,10.853,6.381
1473125,10.882,10.854,6.38
1473110,10.773,10.744,6.305
1451181,9.51,9.483,5.529
1451182,9.483,9.456,5.497
1451179,9.264,9.236,5.324
1451180,9.215,9.188,5.319
1451183,9.742,9.714,5.759
1451184,9.72,9.693,5.737
1453122,8.43,8.404,5.106
1453123,8.682,8.655,5.047
1453103,8.852,8.826,5.288
1453113,8.862,8.835,5.283
1451123,10.28,10.253,6.552
1451124,10.279,10.252,6.553
1451116,10.206,10.18,6.546
1451122,10.214,10.188,6.554
1451109,10.482,10.455,6.728
1451114,10.013,9.987,6.452
1451115,10.0,9.974,6.444
1451108,10.419,10.393,6.754
1451110,10.558,10.532,6.868
1451125,9.233,9.206,5.418
1451126,9.218,9.191,5.398
1451175,9.498,9.472,5.764
1451178,9.51,9.483,5.781
1451111,9.1,9.073,5.439
1453125,9.095,9.068,5.429
1452112,9.267,9.241,5.714
1453111,9.18,9.154,5.645
1455129,8.286,8.261,5.354
1455130,8.262,8.237,5.334
1455109,7.954,7.929,5.173
1455131,8.583,8.558,5.526
1455132,8.542,8.517,5.492
1455171,7.949,7.925,5.317
1455172,7.907,7.883,5.309
1455173,7.94,7.915,5.282
1455160,8.194,8.17,5.589
1455112,8.952,8.928,6.221
1455113,8.953,8.929,6.224
1453117,8.28,8.254,5.096
1453118,8.213,8.187,5.043
1453181,8.33,8.304,5.104
1453119,8.73,8.704,5.313
1453120,8.729,8.703,5.304
1453121,8.598,8.572,5.184
1455101,7.896,7.871,5.042
1455102,7.915,7.89,5.053
1455110,8.054,8.029,5.232
1453138,8.848,8.822,5.384
1451113,9.564,9.537,5.905
1451186,9.641,9.614,6.018
1451187,9.683,9.657,6.028
1451188,9.597,9.571,5.957
1451118,9.872,9.845,5.953
1451121,9.742,9.716,5.997
1451119,9.952,9.925,6.126
1451102,9.824,9.798,6.352
1451105,9.824,9.798,6.351
1451139,9.575,9.549,6.11
1451174,9.632,9.606,6.157
1452143,9.149,9.124,5.842
1452144,9.135,9.109,5.83
1452137,9.321,9.295,5.944
1452138,9.327,9.301,5.943
1452133,8.891,8.866,5.697
1452134,8.877,8.851,5.684
1452103,8.998,8.973,5.921
1452104,9.093,9.068,6.046
1452168,9.027,9.002,5.99
1452141,9.188,9.163,6.01
1452142,9.176,9.15,5.994
1452169,9.332,9.308,6.282
1452108,9.456,9.43,6.207
1452109,9.42,9.395,6.181
1452100,9.475,9.45,6.366
1452110,9.615,9.589,6.315
1452111,9.619,9.593,6.313
1452113,9.483,9.457,6.107
1452114,9.474,9.448,6.099
1451100,9.707,9.681,6.268
1451101,9.698,9.672,6.258
1473191,11.103,11.075,6.826
1362147,7.292,7.263,2.571
1362148,7.276,7.247,2.526
1362151,7.008,6.979,2.468
1454128,8.113,8.086,4.395
1548100,13.452,13.426,9.752
1548101,13.411,13.385,9.711
1548104,13.614,13.588,9.834
1542137,12.91,12.884,9.267
1542138,12.955,12.929,9.352
1548108,13.524,13.498,9.716
1548105,13.416,13.389,9.554
1548106,13.456,13.43,9.6
1548112,12.757,12.731,9.001
1543139,13.233,13.208,9.777
1548107,13.198,13.173,9.729
1542103,13.098,13.073,9.585
1542104,13.059,13.034,9.581
1543149,13.458,13.433,9.973
1543181,13.364,13.339,9.985
1548102,13.445,13.42,10.019
1542102,12.729,12.704,9.377
1543141,13.57,13.545,10.173
1543148,13.845,13.82,10.311
1542136,12.846,12.819,9.072
1541130,12.37,12.344,8.568
1541186,10.645,10.62,7.34
1541189,10.643,10.618,7.333
1541194,10.767,10.741,7.399
1541197,10.773,10.748,7.4
1541159,10.933,10.908,7.67
1541165,10.968,10.943,7.707
1531122,11.27,11.244,7.676
1531123,11.277,11.251,7.724
1532109,11.371,11.346,8.072
1532122,11.185,11.159,7.544
1532123,11.133,11.108,7.685
1532124,11.174,11.149,7.722
1541104,11.197,11.171,7.583
1541105,11.259,11.233,7.589
1541106,11.203,11.177,7.681
1541107,11.204,11.179,7.643
1541108,11.244,11.219,7.885
1541109,11.244,11.219,7.839
1541110,11.258,11.233,8.007
1541111,11.268,11.243,7.963
1541120,11.312,11.287,8.036
1541151,11.221,11.196,7.946
1541152,11.212,11.187,7.939
1541198,11.052,11.027,7.617
1541199,10.995,10.97,7.566
1541207,11.217,11.192,7.727
1541218,11.221,11.196,7.794
1542101,12.823,12.798,9.442
1541174,12.495,12.47,9.213
1541191,12.452,12.427,9.201
1546103,12.386,12.361,9.119
1541123,12.039,12.014,8.671
1541124,11.994,11.969,8.661
1541126,11.946,11.921,8.473
1542125,11.974,11.949,8.508
1531102,11.719,11.694,8.55
1531103,11.688,11.663,8.305
1531104,11.687,11.661,8.284
1531115,11.7,11.675,8.492
1531116,11.715,11.691,8.533
1531121,11.694,11.67,8.481
1532125,11.734,11.71,8.568
1541100,11.717,11.692,8.381
1541121,11.678,11.654,8.384
1541122,11.677,11.652,8.383
1541161,11.716,11.691,8.528
1541162,11.696,11.671,8.496
1541163,11.636,11.611,8.353
1541164,11.632,11.607,8.359
1541604,11.62,11.595,8.434
1543101,11.649,11.625,8.467
1543102,11.618,11.594,8.439
1541176,12.129,12.104,8.901
1541177,12.115,12.091,8.885
1531155,12.159,12.136,9.167
1531156,12.17,12.146,9.176
1531153,12.492,12.468,9.432
1531154,12.502,12.478,9.443
1531157,11.974,11.95,8.98
1531158,11.972,11.949,8.98
1541166,11.449,11.426,8.47
1541167,11.387,11.363,8.414
1531159,11.833,11.809,8.778
1531160,11.842,11.818,8.787
1541168,11.709,11.685,8.675
1541169,11.671,11.647,8.643
1545100,11.753,11.729,8.668
1546101,11.774,11.75,8.713
1545101,11.234,11.213,8.908
1541156,11.243,11.219,8.237
1541157,11.251,11.227,8.265
1541133,12.286,12.26,8.463
1541134,12.166,12.14,8.353
1541148,12.195,12.168,8.34
1541129,12.445,12.419,8.664
1532107,11.961,11.935,8.209
1532108,11.954,11.928,8.201
1541131,12.023,11.996,8.26
1541132,11.969,11.943,8.241
1542129,11.983,11.957,8.287
1542130,11.978,11.952,8.317
1541127,12.016,11.99,8.427
1541128,11.98,11.955,8.417
1531117,12.357,12.333,9.222
1531120,12.234,12.21,9.116
1531151,12.452,12.428,9.328
1541172,12.3,12.276,9.172
1541173,12.27,12.246,9.145
1541182,12.444,12.42,9.286
1531111,11.733,11.71,8.86
1545107,11.71,11.687,8.799
1545103,11.62,11.597,8.772
1545106,11.592,11.568,8.621
1545109,11.568,11.545,8.651
1541185,11.722,11.696,7.912
1532115,10.99,10.964,7.253
1532116,11.005,10.979,7.262
1532113,11.104,11.077,7.313
1532114,11.137,11.11,7.33
1532120,11.124,11.098,7.387
1532121,11.148,11.121,7.413
1532117,10.833,10.807,7.185
1532111,11.271,11.244,7.439
1532112,11.298,11.272,7.468
1531107,11.052,11.026,7.373
1531108,11.051,11.024,7.375
1531109,10.975,10.949,7.411
1541118,11.549,11.522,7.659
1532101,11.356,11.331,7.98
1532100,11.296,11.271,8.131
1531110,11.485,11.46,8.053
1454192,7.63,7.603,3.866
1354100,6.266,6.251,5.175
1354102,6.259,6.245,5.17
1174112,0.841,0.83,4.798
1174149,0.884,0.874,4.798
1171150,1.315,1.316,5.181
1173132,1.03,1.004,4.211
1173133,0.971,0.946,4.292
1240107,2.037,2.007,3.188
1240108,2.024,1.994,3.19
1240104,2.13,2.101,3.167
1240105,2.135,2.106,3.159
1240121,2.152,2.123,3.189
1240131,2.039,2.01,3.256
1240132,2.042,2.013,3.259
1250105,2.066,2.037,3.093
1250106,2.065,2.037,3.094
1240106,2.049,2.02,3.323
1240133,1.775,1.747,3.628
1240134,1.768,1.74,3.568
1230109,1.903,1.877,3.7
1230112,1.865,1.838,3.715
1240103,1.846,1.819,3.682
1240118,1.833,1.806,3.665
1240418,1.832,1.806,3.743
1240419,1.814,1.787,3.746
1230409,2.029,2.002,3.555
1230410,2.006,1.979,3.577
1230405,2.414,2.386,3.135
1230406,2.41,2.382,3.126
1232104,2.437,2.409,3.123
1230113,2.229,2.201,3.344
1230114,2.269,2.241,3.288
1210163,1.976,1.954,4.138
1210164,1.921,1.899,4.072
1220105,1.569,1.547,4.299
1220127,1.542,1.521,4.337
1220205,1.566,1.543,4.221
1220403,1.553,1.531,4.294
1220404,1.552,1.531,4.317
1220104,1.659,1.641,4.57
1220410,1.615,1.596,4.458
1220411,1.62,1.601,4.483
1270102,2.876,2.847,2.485
1270103,2.947,2.918,2.403
1230101,2.664,2.635,2.758
1270104,3.286,3.257,1.962
1230103,2.468,2.44,3.019
1230104,2.492,2.464,2.993
1230102,2.762,2.733,2.637
1232102,2.778,2.749,2.754
1230407,2.636,2.608,2.948
1361103,3.669,3.639,1.633
1270105,3.176,3.146,2.089
1270107,3.187,3.158,2.034
1351132,6.293,6.276,4.617
1354101,6.303,6.286,4.673
1352143,6.388,6.368,3.983
1203409,5.108,5.129,9.777
1203410,5.083,5.104,9.749
1203413,4.417,4.439,9.13
1203422,4.418,4.44,9.131
1203406,4.448,4.47,9.147
1203405,4.45,4.471,9.15
1250429,1.955,1.929,3.371
1250430,1.942,1.916,3.39
1250103,1.564,1.539,3.777
1250104,1.575,1.551,3.79
1250203,1.594,1.569,3.772
1250427,1.621,1.596,3.759
1250428,1.6,1.575,3.77
1332107,4.556,4.544,4.819
1332106,4.409,4.402,5.388
1332138,4.443,4.436,5.362
1332108,4.522,4.51,4.695
1341120,4.481,4.465,4.015
1341121,4.493,4.477,4.03
1341108,4.659,4.643,4.038
1341109,4.711,4.698,4.691
1341135,5.069,5.056,4.741
1341139,5.162,5.145,4.034
1341140,5.16,5.143,4.041
1351125,6.278,6.26,4.285
1351127,6.293,6.274,4.298
1351122,5.975,5.955,3.986
1351124,5.956,5.936,3.945
1352145,7.084,7.063,4.258
1352146,7.08,7.059,4.269
1352138,6.875,6.853,4.032
1353122,6.574,6.551,3.528
1352139,6.794,6.773,3.944
1352142,6.732,6.711,3.913
1352136,6.522,6.501,3.826
1352137,6.524,6.503,3.832
1353120,6.267,6.246,3.503
1352134,6.38,6.359,3.793
1352135,6.383,6.362,3.817
1352144,6.453,6.434,4.112
1352119,6.259,6.239,3.761
1341103,5.06,5.039,3.202
1342197,5.046,5.025,3.161
1342299,5.046,5.025,3.161
1463117,5.539,5.543,7.601
1320119,6.22,6.224,8.063
1463118,5.418,5.422,7.538
1294124,4.543,4.548,6.983
1294132,4.576,4.581,6.951
1464123,4.647,4.652,7.023
1465131,4.612,4.618,7.06
1331108,5.35,5.352,7.164
1331106,5.206,5.206,6.814
1331107,5.193,5.193,6.799
1331111,5.275,5.275,6.778
1331112,5.269,5.269,6.775
1331166,5.194,5.193,6.705
1331167,5.171,5.17,6.648
1150128,2.761,2.79,7.816
1150129,2.743,2.771,7.803
1150126,2.496,2.525,7.608
1150127,2.489,2.518,7.604
1150130,2.925,2.954,7.956
1332109,4.836,4.83,5.696
1332110,4.749,4.743,5.686
1332111,5.17,5.163,5.888
1332112,5.163,5.157,5.909
1281154,4.074,4.068,5.342
1281155,4.058,4.052,5.363
1332159,4.731,4.723,5.412
1332160,4.69,4.683,5.434
1332123,5.214,5.205,5.47
1332124,5.214,5.205,5.469
1332161,5.376,5.367,5.695
1332162,5.274,5.266,5.671
1294180,4.517,4.514,5.9
1294242,4.552,4.548,5.912
1334188,6.306,6.299,6.472
1334189,6.255,6.248,6.444
1334190,6.539,6.532,6.71
1332170,5.924,5.916,6.095
1334123,5.93,5.923,6.183
1334158,5.871,5.863,6.107
1334166,5.979,5.971,6.179
1304133,3.87,3.888,7.777
1304142,3.849,3.866,7.739
1304132,3.962,3.981,7.974
1304143,3.981,3.999,7.967
1304134,3.448,3.464,7.361
1304141,3.399,3.415,7.327
1304138,4.33,4.349,8.326
1304131,3.946,3.966,8.067
1304157,3.948,3.968,8.075
1304130,3.665,3.685,7.897
1304144,3.589,3.609,7.847
1332119,5.762,5.752,5.546
1332120,5.775,5.765,5.563
1332121,5.501,5.491,5.435
1332122,5.442,5.432,5.434
1332117,6.141,6.131,5.899
1332118,6.145,6.135,5.903
1332129,5.641,5.634,6.086
1332171,5.598,5.591,6.098
1465103,4.145,4.157,7.401
1462106,4.515,4.526,7.664
1465105,4.543,4.554,7.668
1465112,4.704,4.713,7.636
1465104,4.02,4.031,7.332
1465101,3.762,3.774,7.152
1465102,3.61,3.622,7.066
1465145,3.674,3.686,7.065
1301129,3.348,3.37,7.724
1301144,3.305,3.327,7.699
1301145,3.267,3.288,7.69
1301146,3.213,3.235,7.66
1304129,3.366,3.387,7.634
1304159,3.368,3.389,7.636
1150111,2.266,2.294,7.226
1150112,2.248,2.276,7.239
1150435,2.278,2.306,7.244
1150436,2.277,2.304,7.245
1150113,2.435,2.461,7.295
1150114,2.386,2.413,7.298
1150437,2.394,2.42,7.29
1150438,2.392,2.418,7.293
1301148,2.848,2.873,7.557
1301171,2.812,2.837,7.556
1301450,2.835,2.86,7.56
1301451,2.822,2.847,7.551
1301123,2.731,2.755,7.442
1150117,1.967,1.995,7.052
1150131,2.007,2.036,7.082
1150433,1.813,1.842,6.92
1150434,1.808,1.837,6.916
1150109,1.737,1.766,6.867
1150110,1.748,1.777,6.877
1150116,1.693,1.722,6.815
1150118,1.698,1.727,6.823
1301122,2.667,2.692,7.454
1301124,2.714,2.74,7.486
1301149,2.716,2.742,7.507
1301212,2.759,2.784,7.544
1301213,2.707,2.732,7.494
1301299,2.752,2.778,7.536
1301109,4.172,4.194,8.486
1301110,4.17,4.192,8.491
1301104,3.89,3.913,8.316
1301107,3.839,3.862,8.288
1301108,3.872,3.895,8.331
1301137,3.94,3.962,8.325
1301140,3.905,3.927,8.321
1301141,3.818,3.841,8.335
1301131,3.251,3.278,8.06
1301132,3.214,3.24,8.038
1301133,3.254,3.28,8.057
1301214,3.188,3.215,8.058
1301101,3.693,3.717,8.27
1301105,3.325,3.35,7.993
1301143,3.437,3.462,8.181
1301454,3.372,3.397,8.062
1301455,3.378,3.403,8.095
1301456,3.437,3.462,8.181
1301153,3.372,3.397,8.062
1301135,3.467,3.492,8.088
1301136,3.528,3.552,8.099
1301103,3.179,3.203,7.802
1301127,3.179,3.202,7.745
1301128,3.136,3.159,7.681
1301147,3.167,3.191,7.771
1301452,3.144,3.168,7.77
1301453,3.13,3.154,7.76
1301142,3.539,3.564,8.244
1301106,3.644,3.668,8.165
1304103,3.169,3.188,7.351
1304104,3.106,3.125,7.304
1304135,3.224,3.241,7.265
1304136,3.036,3.055,7.208
1304137,3.075,3.093,7.229
1304140,3.172,3.189,7.251
1304150,3.105,3.122,7.191
1304160,3.116,3.135,7.299
1304162,3.24,3.258,7.406
1305151,3.051,3.068,7.157
1301112,2.812,2.834,7.325
1301113,2.726,2.749,7.274
1301125,2.8,2.823,7.359
1301126,2.791,2.814,7.402
1301158,2.896,2.917,7.333
1304127,2.906,2.927,7.279
1301160,2.678,2.702,7.343
1304102,3.136,3.155,7.402
1304128,3.237,3.257,7.505
1291138,3.19,3.204,6.986
1291139,3.214,3.228,7.004
1291121,2.892,2.908,6.878
1291122,2.847,2.862,6.826
1281160,3.505,3.499,5.167
1286181,3.489,3.482,5.115
1293152,3.599,3.592,5.162
1293153,3.546,3.54,5.171
1465177,3.372,3.385,6.968
1291117,3.124,3.134,6.543
1291118,3.106,3.116,6.51
1291198,2.968,2.982,6.772
1291199,2.938,2.952,6.735
1291119,2.789,2.802,6.628
1291120,2.747,2.76,6.596
1291145,2.675,2.689,6.526
1291146,2.636,2.649,6.443
1291149,2.64,2.652,6.449
1291150,2.615,2.626,6.308
1291151,2.616,2.627,6.38
1291219,2.754,2.768,6.616
1291220,2.786,2.799,6.597
1465146,3.728,3.737,6.845
1465147,3.788,3.796,6.85
1465143,3.465,3.476,6.947
1293123,3.394,3.392,5.649
1293124,3.375,3.374,5.645
1293139,3.425,3.424,5.716
1293140,3.415,3.415,5.737
1293164,3.478,3.477,5.64
1293165,3.462,3.461,5.638
1293103,3.615,3.614,5.803
1293104,3.65,3.649,5.82
1293130,3.619,3.618,5.79
1293131,3.615,3.614,5.803
1293162,3.526,3.522,5.397
1293163,3.503,3.499,5.361
1291127,3.136,3.14,6.082
1291128,3.134,3.139,6.117
1291501,3.083,3.088,6.06
1291551,3.083,3.087,6.062
1293126,3.01,3.009,5.466
1293127,2.986,2.985,5.488
1293105,3.699,3.699,5.988
1293106,3.708,3.708,5.992
1293107,3.972,3.974,6.212
1293108,3.96,3.961,6.206
1293113,3.867,3.865,5.811
1293114,3.86,3.858,5.792
1293115,4.068,4.067,5.937
1293116,4.014,4.012,5.854
1293119,3.933,3.93,5.713
1293132,4.001,3.999,5.769
1293133,3.939,3.937,5.794
1293120,3.927,3.923,5.539
1293136,4.44,4.438,6.079
1293138,4.508,4.507,6.166
1293173,4.44,4.438,6.068
1294137,4.524,4.523,6.16
1294139,4.526,4.527,6.488
1294141,4.525,4.526,6.508
1293134,4.254,4.252,5.939
1293135,4.201,4.198,5.9
1331102,4.968,4.964,6.177
1331103,4.972,4.969,6.196
1331114,4.865,4.861,6.029
1293121,3.754,3.75,5.422
1293100,3.027,3.024,5.357
1293101,3.098,3.094,5.305
1293102,3.093,3.089,5.296
1293158,3.145,3.141,5.238
1293159,3.175,3.171,5.243
1293151,2.619,2.617,5.248
1293155,2.582,2.579,5.231
1281112,3.588,3.575,4.421
1281114,3.589,3.577,4.388
1281115,3.545,3.535,4.595
1281116,3.543,3.532,4.524
1294103,4.633,4.632,6.41
1294104,4.677,4.677,6.456
1294105,4.829,4.83,6.734
1294106,4.849,4.85,6.761
1294101,4.292,4.292,6.337
1294102,4.296,4.297,6.341
1294191,4.219,4.22,6.319
1294140,4.426,4.427,6.429
1294502,4.436,4.437,6.415
1294552,4.436,4.437,6.415
1331100,5.391,5.389,6.711
1331501,5.485,5.483,6.826
1331551,5.485,5.483,6.826
1294142,4.532,4.535,6.8
1294143,4.511,4.514,6.778
1293111,3.958,3.958,5.96
1293112,3.96,3.959,5.955
1293109,4.02,4.02,6.092
1293110,4.055,4.055,6.141
1293117,4.136,4.135,6.039
1293118,4.252,4.251,6.117
1291100,3.247,3.255,6.407
1291115,3.226,3.233,6.368
1291116,3.231,3.238,6.359
1291180,3.269,3.279,6.653
1291181,3.339,3.349,6.677
1291182,3.705,3.712,6.679
1160111,1.638,1.656,6.179
1160112,1.67,1.689,6.203
1160105,1.986,2.004,6.361
1160107,1.956,1.975,6.466
1160127,1.886,1.905,6.369
1160206,2.021,2.037,6.303
1160401,2.016,2.035,6.461
1160402,1.993,2.012,6.443
1160113,1.492,1.51,6.024
1291401,2.398,2.415,6.633
1291402,2.377,2.395,6.623
1160403,2.177,2.195,6.534
1160404,2.183,2.201,6.549
1291114,3.371,3.378,6.405
1291131,3.422,3.428,6.382
1291172,3.132,3.135,5.953
1291173,3.17,3.173,5.981
1291174,3.318,3.321,6.085
1291170,2.991,2.993,5.752
1291171,2.995,2.996,5.747
1291106,2.692,2.697,5.885
1291108,2.751,2.756,5.936
1291158,2.765,2.77,5.956
1291159,2.633,2.638,5.828
1291160,2.562,2.566,5.774
1291112,3.15,3.157,6.238
1291113,3.112,3.119,6.226
1291110,2.891,2.897,6.074
1291111,2.923,2.929,6.124
1291152,2.675,2.685,6.239
1291153,2.692,2.701,6.218
1465501,4.086,4.093,6.921
1465551,4.085,4.092,6.92
1171151,1.192,1.193,5.129
1172503,1.152,1.152,5.117
1172553,1.151,1.151,5.119
1174101,1.197,1.197,5.104
1174102,1.201,1.201,5.121
1173105,0.044,0.023,5.121
1173106,0.061,0.044,5.107
1173435,0.044,0.023,5.121
1174401,0.061,0.044,5.107
1174501,0.029,0.057,5.185
1174502,0.06,0.09,5.216
1174551,0.03,0.058,5.186
1174552,0.06,0.09,5.216
1220434,0.029,0.0,5.128
1291125,2.878,2.878,5.581
1291123,2.781,2.784,5.753
1291124,2.861,2.863,5.74
1291166,2.836,2.838,5.669
1291168,2.84,2.842,5.672
1291107,2.546,2.552,5.902
1291165,2.654,2.655,5.578
1291169,2.651,2.652,5.577
1291176,2.847,2.845,5.398
1293168,2.84,2.839,5.382
1293156,2.813,2.81,5.26
1293157,2.752,2.749,5.277
1292145,2.276,2.284,5.968
1286179,2.399,2.383,4.043
1286180,2.42,2.406,4.137
1291148,2.394,2.396,5.503
1291163,2.492,2.493,5.51
1291164,2.51,2.511,5.518
1292149,2.428,2.428,5.426
1293150,2.687,2.684,5.141
1291126,2.66,2.674,6.613
1291137,2.701,2.715,6.665
1291161,2.388,2.392,5.67
1291162,2.383,2.387,5.667
1291101,2.424,2.432,5.974
1291104,2.439,2.447,6.015
1291105,2.446,2.455,6.025
1291109,2.423,2.431,5.975
1160118,2.071,2.083,6.104
1292122,1.998,2.009,6.003
1291144,2.172,2.184,6.113
1291167,2.236,2.249,6.231
1160101,1.798,1.822,6.632
1160104,1.819,1.844,6.659
1160202,1.796,1.821,6.617
1160414,1.815,1.838,6.584
1160415,1.81,1.834,6.617
1291102,2.402,2.414,6.26
1291103,2.41,2.421,6.256
1160109,2.114,2.128,6.229
1291142,2.518,2.531,6.411
1291147,2.296,2.302,5.782
1292100,2.1,2.108,5.793
1292103,2.098,2.106,5.792
1292104,2.171,2.178,5.795
1292105,2.216,2.223,5.799
1292146,2.265,2.27,5.744
1292101,2.019,2.028,5.859
1292102,2.016,2.026,5.881
1292123,1.828,1.838,5.84
1171104,1.405,1.41,5.388
1171105,1.401,1.405,5.38
1331104,5.169,5.167,6.481
1331105,5.153,5.151,6.452
1294107,4.983,4.985,6.992
1294108,4.87,4.872,6.881
1331140,5.466,5.465,6.912
1331141,5.505,5.505,6.934
1331120,5.617,5.614,6.733
1331145,5.658,5.655,6.751
1331146,5.722,5.72,6.878
1331147,5.702,5.7,6.9
1331121,5.462,5.458,6.417
1331122,5.506,5.502,6.399
1331113,5.991,5.99,7.14
1331156,5.711,5.711,7.044
1331164,5.64,5.64,7.027
1331165,5.632,5.632,7.009
1331168,5.586,5.581,6.275
1331169,5.583,5.578,6.306
1331124,5.847,5.843,6.628
1331125,5.806,5.801,6.598
1332163,5.553,5.546,5.986
1334174,6.419,6.409,6.138
1334175,6.364,6.354,6.123
1332172,6.136,6.127,6.038
1332173,6.098,6.089,6.055
1332115,5.951,5.942,5.904
1332116,5.948,5.939,5.904
1334115,5.944,5.938,6.343
1334116,5.918,5.911,6.286
1331117,5.929,5.924,6.562
1331118,5.934,5.929,6.503
1331192,6.104,6.1,6.857
1334183,6.662,6.652,6.23
1320111,6.957,6.96,8.55
1320123,6.934,6.937,8.541
1320133,7.032,7.035,8.54
1320294,6.868,6.871,8.542
1320297,7.024,7.028,8.643
1320115,7.628,7.631,9.085
1320112,7.337,7.34,8.802
1320113,7.311,7.314,8.788
1320131,7.191,7.196,8.928
1320132,7.178,7.183,8.911
1320191,7.391,7.395,9.045
1320134,6.395,6.4,8.305
1320135,6.414,6.419,8.327
1333135,6.24,6.242,7.773
1333136,6.266,6.268,7.825
1333150,6.281,6.282,7.597
1333151,6.253,6.254,7.648
1333154,6.333,6.332,7.544
1333155,6.279,6.279,7.517
1333133,6.528,6.53,8.079
1333134,6.596,6.598,8.123
1333152,6.646,6.645,7.67
1333153,6.611,6.61,7.691
1463103,5.818,5.828,8.651
1463104,5.828,5.839,8.662
1463105,5.797,5.809,8.762
1463101,5.559,5.569,8.39
1463102,5.626,5.637,8.446
1463106,5.708,5.721,8.765
1463113,5.076,5.086,7.901
1463114,5.015,5.025,7.849
1320287,6.449,6.456,8.733
1320288,6.468,6.475,8.754
1320126,6.104,6.11,8.217
1320127,6.122,6.128,8.239
1320105,6.439,6.445,8.466
1320107,6.554,6.559,8.492
1320128,6.509,6.514,8.518
1320124,5.93,5.935,8.075
1320125,5.925,5.93,8.062
1463180,5.727,5.736,8.322
1463181,5.756,5.764,8.35
1320101,6.085,6.092,8.452
1320102,6.082,6.09,8.465
1320205,6.204,6.211,8.557
1320206,6.169,6.177,8.511
1463115,5.438,5.447,8.109
1463116,5.346,5.355,8.067
1320129,6.596,6.603,8.685
1320130,6.555,6.561,8.707
1320120,6.327,6.331,8.157
1320103,6.278,6.284,8.435
1320104,6.268,6.275,8.463
1320108,6.883,6.888,8.711
1320109,6.904,6.909,8.73
1320117,5.94,5.946,8.229
1320118,5.998,6.005,8.311
1333180,7.18,7.18,8.275
1333181,7.198,7.198,8.306
1333177,6.854,6.855,8.046
1333178,6.735,6.733,7.633
1333179,6.744,6.742,7.634
1333102,6.948,6.95,8.3
1333103,6.93,6.931,8.283
1333148,6.775,6.778,8.27
1333176,6.811,6.811,7.932
1333184,7.026,7.027,8.203
1333185,7.033,7.034,8.211
1333149,6.871,6.873,8.336
1294121,4.262,4.267,6.812
1294122,4.184,4.189,6.786
1291183,3.61,3.618,6.695
1461100,4.733,4.747,8.063
1461105,4.795,4.807,8.027
1461109,4.873,4.886,8.107
1461110,4.799,4.811,8.04
1461107,4.647,4.658,7.819
1461108,4.637,4.649,7.811
1465111,4.68,4.69,7.726
1465133,4.638,4.645,7.308
1465134,4.621,4.627,7.215
1465136,4.626,4.634,7.365
1464135,4.683,4.691,7.48
1341143,5.228,5.209,3.707
1341144,5.243,5.224,3.723
1286160,2.24,2.229,4.494
1286161,2.248,2.237,4.475
1172145,2.118,2.111,4.777
1172146,2.098,2.092,4.842
1172143,1.811,1.808,4.987
1172144,1.778,1.776,5.054
1172114,1.538,1.538,5.162
1172142,1.499,1.499,5.157
1171152,0.406,0.434,5.562
1171153,0.43,0.459,5.586
1171403,0.498,0.527,5.655
1171404,0.485,0.515,5.642
1171120,0.782,0.804,5.832
1171134,0.737,0.761,5.821
1171135,0.843,0.869,5.944
1171444,0.771,0.793,5.825
1171445,0.783,0.807,5.849
1171457,0.785,0.81,5.875
1171458,0.767,0.792,5.86
1173104,0.229,0.22,5.107
1173123,0.237,0.223,5.062
1173125,0.205,0.194,5.096
1173404,0.259,0.245,5.055
1171121,1.12,1.126,5.35
1171180,1.117,1.123,5.33
1171126,0.981,0.992,5.474
1171127,0.901,0.913,5.489
1171124,0.742,0.755,5.424
1171125,0.756,0.769,5.452
1171130,0.629,0.637,5.271
1171131,0.608,0.617,5.267
1171154,0.456,0.469,5.295
1171158,0.444,0.458,5.314
1173127,0.286,0.294,5.272
1173148,0.196,0.207,5.243
1171405,0.481,0.506,5.54
1171406,0.474,0.5,5.547
1171407,0.477,0.498,5.471
1171408,0.464,0.485,5.452
1210110,2.301,2.282,4.351
1210111,2.241,2.221,4.281
1100167,2.601,2.584,4.622
1210114,2.537,2.521,4.656
1210112,2.516,2.504,4.985
1100106,2.48,2.468,5.051
1100168,2.523,2.505,4.473
1203415,4.63,4.653,9.418
1203420,4.628,4.65,9.414
1203401,4.678,4.702,9.548
1203402,4.649,4.673,9.527
1201139,4.252,4.277,9.194
1201140,4.263,4.287,9.201
1201403,4.308,4.333,9.241
1201402,4.343,4.368,9.272
1204115,5.455,5.474,9.927
1204116,5.49,5.509,9.969
1204101,5.718,5.738,10.26
1204108,5.669,5.689,10.2
1204113,5.219,5.238,9.671
1204114,5.22,5.239,9.677
1080405,4.018,4.024,7.545
1080406,4.012,4.019,7.54
1080403,3.906,3.913,7.505
1080404,3.881,3.888,7.517
1080407,4.189,4.194,7.559
1080408,4.174,4.179,7.555
1080414,4.231,4.236,7.63
1080415,4.215,4.221,7.621
1010102,3.562,3.571,7.386
1010424,3.584,3.593,7.429
1010425,3.577,3.586,7.442
1010115,3.579,3.587,7.391
1080409,4.205,4.209,7.455
1080410,4.204,4.208,7.465
1080413,4.384,4.39,7.751
1171122,0.993,1.019,6.113
1171442,0.99,1.016,6.113
1180121,1.066,1.093,6.201
1180443,1.068,1.095,6.201
1122115,0.78,0.794,5.653
1122116,0.804,0.818,5.658
1122415,0.78,0.794,5.653
1122416,0.804,0.818,5.658
1150101,1.596,1.625,6.741
1150102,1.614,1.643,6.761
1150107,1.681,1.711,6.835
1150108,1.682,1.711,6.839
1150133,1.503,1.532,6.648
1150134,1.511,1.54,6.658
1150135,1.682,1.711,6.834
1150431,1.548,1.577,6.689
1150432,1.546,1.575,6.688
1180113,1.468,1.497,6.61
1180115,1.517,1.547,6.649
1180214,1.479,1.509,6.618
1180437,1.511,1.54,6.643
1180438,1.485,1.514,6.628
1140117,1.439,1.468,6.593
1140118,1.465,1.493,6.618
1140125,1.363,1.391,6.505
1140126,1.357,1.385,6.497
1140440,1.442,1.469,6.581
1140446,1.479,1.507,6.626
1140441,1.566,1.593,6.69
1140107,1.769,1.793,6.777
1140108,1.774,1.797,6.774
1140115,1.843,1.867,6.835
1140116,1.767,1.791,6.791
1140216,1.741,1.766,6.779
1140439,1.731,1.756,6.78
1140106,1.811,1.839,6.944
1140111,1.894,1.922,7.027
1140112,1.919,1.947,7.053
1140133,1.804,1.832,6.936
1140104,1.907,1.933,7.006
1140105,1.874,1.901,6.987
1140109,1.861,1.886,6.904
1140110,1.91,1.935,6.977
1140131,1.968,1.994,7.047
1250101,1.301,1.275,3.916
1250425,1.385,1.359,3.877
1250426,1.364,1.338,3.891
1173102,1.14,1.112,4.044
1173423,1.192,1.165,3.998
1173424,1.175,1.148,4.011
1250133,1.18,1.153,4.034
1250501,2.455,2.431,3.166
1250551,2.455,2.431,3.166
1284115,2.519,2.495,3.21
1284116,2.492,2.469,3.254
1284149,2.511,2.487,3.098
1284150,2.534,2.51,3.121
1284153,2.543,2.519,3.153
1250111,1.291,1.263,3.89
1250112,1.354,1.326,3.832
1173107,0.406,0.391,4.902
1173108,0.366,0.352,4.944
1240180,1.124,1.095,4.033
1240181,1.111,1.082,4.046
1240114,1.053,1.024,4.156
1240115,1.043,1.014,4.175
1250113,1.659,1.63,3.511
1250114,1.651,1.623,3.524
1173416,0.764,0.734,4.414
1173417,0.749,0.72,4.432
1240112,0.789,0.761,4.411
1240113,0.79,0.762,4.408
1173111,0.622,0.595,4.619
1220426,0.629,0.603,4.662
1220427,0.634,0.609,4.673
1240109,0.667,0.639,4.578
1240110,0.682,0.654,4.552
1100105,2.402,2.393,5.326
1100107,2.369,2.359,5.234
1100159,2.291,2.281,5.128
1100160,2.318,2.308,5.136
1100121,2.408,2.402,5.516
1100122,2.397,2.392,5.552
1100119,2.358,2.346,5.044
1100120,2.37,2.359,5.06
1100102,2.483,2.482,5.963
1100103,2.445,2.445,5.933
1113131,2.06,2.055,5.483
1121124,2.07,2.063,5.335
1121130,2.073,2.066,5.297
1121132,2.051,2.043,5.247
1121436,2.058,2.051,5.331
1121437,2.043,2.037,5.356
1121601,1.965,1.96,5.454
1121602,1.965,1.96,5.454
1220119,1.95,1.941,5.156
1220120,1.922,1.913,5.184
1220406,1.976,1.965,5.058
1220407,1.988,1.978,5.092
1220422,1.95,1.94,5.103
1220423,1.968,1.958,5.119
1100124,3.023,3.014,5.442
1122113,0.978,0.986,5.609
1122114,0.994,1.002,5.603
1122413,0.978,0.986,5.609
1122414,0.994,1.002,5.603
1121111,1.361,1.362,5.56
1121138,1.333,1.334,5.514
1122134,1.272,1.273,5.517
1122135,1.322,1.324,5.584
1122196,1.347,1.35,5.61
1122440,1.143,1.145,5.504
1122441,1.178,1.18,5.513
1220110,1.719,1.707,4.928
1220111,1.716,1.704,4.962
1220184,1.764,1.752,4.964
1220424,1.705,1.693,4.933
1220425,1.722,1.71,4.952
1220103,1.301,1.285,4.77
1220181,1.244,1.228,4.761
1220182,1.254,1.24,4.795
1220282,1.222,1.207,4.759
1220416,1.313,1.299,4.79
1220417,1.348,1.334,4.805
1220418,1.105,1.088,4.761
1220419,1.149,1.133,4.772
1210101,1.875,1.861,4.815
1220102,1.904,1.892,4.916
1220408,1.829,1.814,4.748
1220409,1.844,1.83,4.771
1113434,2.187,2.185,5.698
1113435,2.147,2.143,5.62
1100125,2.265,2.266,5.944
1100126,2.326,2.329,6.096
1113127,2.256,2.258,6.015
1113140,2.282,2.284,6.02
1113432,2.269,2.271,6.003
1113433,2.258,2.259,5.982
1220112,1.552,1.545,5.193
1220113,1.456,1.45,5.211
1111112,2.42,2.428,6.484
1111116,2.482,2.49,6.58
1111118,2.446,2.453,6.442
1111119,2.514,2.521,6.512
1111121,2.589,2.598,6.669
1111142,2.468,2.476,6.53
1111143,2.578,2.585,6.539
1111150,2.556,2.564,6.584
1111151,2.478,2.485,6.477
1111180,2.552,2.559,6.531
1111266,2.432,2.439,6.405
1111427,2.42,2.428,6.499
1111428,2.416,2.424,6.508
1111429,2.455,2.463,6.547
1111430,2.453,2.461,6.536
1111601,2.414,2.422,6.487
1111602,2.414,2.422,6.487
1112436,1.843,1.846,5.863
1113125,1.897,1.898,5.828
1113126,1.897,1.899,5.833
1113480,1.773,1.775,5.788
1121120,1.722,1.723,5.689
1121405,1.702,1.702,5.609
1121406,1.728,1.729,5.687
1121450,1.763,1.763,5.628
1112126,2.274,2.277,6.138
1100101,2.702,2.705,6.308
1100149,2.722,2.724,6.325
1100151,2.72,2.722,6.318
1122127,0.491,0.504,5.438
1173434,0.347,0.326,4.938
1173113,0.531,0.522,5.085
1173403,0.531,0.522,5.085
1220131,0.55,0.542,5.081
1220402,0.592,0.581,5.042
1173429,0.455,0.429,4.77
1173430,0.478,0.452,4.757
1173431,0.357,0.328,4.809
1173432,0.322,0.293,4.852
1173418,0.283,0.254,4.875
1173433,0.282,0.254,4.879
1220106,0.906,0.887,4.723
1220108,0.897,0.879,4.756
1220207,0.879,0.86,4.724
1220420,0.864,0.845,4.74
1220421,0.898,0.88,4.747
1112104,1.942,1.951,6.266
1112105,1.956,1.965,6.273
1111131,2.272,2.28,6.38
1111431,2.272,2.28,6.38
1112103,2.14,2.148,6.314
1112122,2.198,2.205,6.291
1112137,2.168,2.175,6.315
1112432,2.204,2.211,6.304
1112152,1.709,1.721,6.226
1112153,1.749,1.761,6.238
1112433,2.017,2.021,5.999
1112434,2.053,2.057,6.015
1113123,2.047,2.05,5.985
1113124,2.018,2.021,5.96
1020106,3.004,3.015,7.115
1020169,3.008,3.018,7.094
1020459,2.998,3.009,7.094
1020460,3.023,3.034,7.131
1010124,3.004,3.013,6.993
1010125,2.992,3.002,6.992
1010427,2.992,3.002,6.992
1010428,3.004,3.013,6.993
1010109,3.166,3.171,6.806
1010110,3.148,3.154,6.809
1020457,3.164,3.176,7.322
1020458,3.177,3.189,7.338
1020603,3.172,3.184,7.341
1020604,3.172,3.184,7.341
1112154,1.625,1.634,6.057
1112155,1.616,1.626,6.052
1122132,1.459,1.467,5.882
1122133,1.417,1.424,5.822
1121446,1.543,1.554,6.059
1122101,1.497,1.508,6.037
1122102,1.506,1.517,6.017
1122447,1.54,1.551,6.073
1121117,1.597,1.601,5.771
1121118,1.549,1.552,5.734
1121448,1.632,1.637,5.839
1121449,1.617,1.622,5.842
1121480,1.55,1.553,5.728
1121481,1.619,1.624,5.799
1140452,1.663,1.682,6.503
1140453,1.692,1.711,6.531
1140196,1.934,1.955,6.809
1140197,2.015,2.037,6.93
1140199,1.852,1.873,6.713
1140205,1.955,1.977,6.879
1140436,1.943,1.966,6.873
1140437,1.971,1.993,6.888
1140450,1.952,1.973,6.842
1140451,1.966,1.988,6.863
1220114,0.866,0.859,5.106
1220117,0.743,0.736,5.12
1220428,0.837,0.832,5.19
1220429,0.842,0.837,5.175
1220430,0.909,0.91,5.354
1220431,0.888,0.888,5.349
1220115,1.092,1.085,5.155
1220134,1.13,1.123,5.136
1122400,1.262,1.261,5.396
1220130,1.283,1.279,5.333
1220433,1.223,1.221,5.389
1121404,1.571,1.569,5.474
1220435,1.459,1.457,5.408
1220101,1.314,1.304,5.047
1111146,2.539,2.543,6.279
1220128,1.465,1.448,4.648
1220129,1.465,1.448,4.679
1220180,1.342,1.33,4.929
1130102,2.923,2.949,7.952
1130101,2.931,2.957,7.96
1130181,3.224,3.249,8.242
1130182,3.213,3.239,8.232
1130122,2.726,2.751,7.702
1140121,2.693,2.718,7.694
1140156,2.337,2.363,7.397
1140157,2.349,2.375,7.414
1140165,2.095,2.122,7.198
1140166,2.073,2.1,7.18
1130119,3.211,3.234,8.081
1130124,3.241,3.263,8.098
1130183,3.355,3.378,8.211
1130184,3.347,3.37,8.201
1130444,3.295,3.318,8.145
1130445,3.314,3.336,8.161
1040480,3.515,3.537,8.327
1130112,3.521,3.542,8.29
1130115,3.485,3.506,8.253
1180103,1.778,1.805,6.765
1180105,1.813,1.841,6.798
1180203,1.792,1.819,6.762
1180206,1.862,1.888,6.806
1180441,1.81,1.837,6.782
1180442,1.806,1.833,6.784
1180439,1.651,1.68,6.715
1180440,1.653,1.681,6.718
1150145,1.891,1.92,7.021
1130105,2.834,2.852,7.46
1130111,2.803,2.821,7.427
1130432,2.701,2.72,7.37
1130433,2.735,2.754,7.393
1130106,2.299,2.32,7.108
1130107,2.484,2.503,7.247
1130206,2.344,2.365,7.141
1130434,2.358,2.378,7.157
1130435,2.386,2.406,7.178
1130113,3.177,3.196,7.821
1130436,3.145,3.164,7.796
1130437,3.145,3.165,7.802
1020100,3.085,3.099,7.39
1020101,3.234,3.25,7.704
1020112,3.222,3.236,7.537
1020113,3.231,3.246,7.528
1020115,3.151,3.165,7.472
1020116,3.188,3.202,7.501
1020117,3.16,3.174,7.477
1020118,3.126,3.14,7.446
1020119,3.205,3.219,7.509
1020120,3.164,3.178,7.473
1020121,3.128,3.142,7.441
1020122,3.218,3.232,7.513
1020123,3.164,3.178,7.464
1020129,3.103,3.118,7.518
1020131,3.085,3.1,7.498
1020132,3.07,3.085,7.487
1020133,3.087,3.103,7.503
1020135,3.079,3.095,7.497
1020171,3.184,3.2,7.624
1020174,3.241,3.257,7.69
1020182,3.198,3.212,7.514
1020204,3.13,3.143,7.433
1020239,3.064,3.08,7.481
1020241,3.058,3.074,7.478
1020243,3.052,3.067,7.471
1020245,3.044,3.059,7.465
1020401,3.294,3.307,7.517
1020402,3.307,3.32,7.536
1020443,3.252,3.268,7.702
1020444,3.226,3.243,7.687
1020453,3.256,3.271,7.61
1020454,3.247,3.262,7.622
1020456,3.198,3.211,7.444
1020501,3.155,3.169,7.506
1020502,2.985,3.001,7.406
1020503,2.971,2.985,7.327
1020601,3.254,3.269,7.613
1020602,3.254,3.269,7.613
1020177,3.253,3.27,7.719
1150119,2.098,2.127,7.253
1150120,2.103,2.132,7.254
1150122,2.265,2.294,7.408
1150123,2.259,2.288,7.402
1140113,2.062,2.09,7.213
1140114,2.079,2.108,7.23
1150124,2.4,2.429,7.538
1150125,2.405,2.434,7.543
1140129,2.116,2.141,7.14
1140130,2.131,2.156,7.154
1140102,2.26,2.283,7.232
1140103,2.285,2.309,7.25
1140119,2.227,2.25,7.163
1140120,2.395,2.418,7.336
1140122,2.304,2.328,7.261
1140127,2.276,2.3,7.244
1140447,2.258,2.282,7.199
1140449,2.276,2.3,7.217
1130103,2.699,2.722,7.604
1130442,2.632,2.655,7.545
1130443,2.653,2.676,7.564
1130104,2.817,2.84,7.707
1140438,1.666,1.692,6.747
1040155,4.207,4.228,8.888
1040157,4.291,4.312,8.946
1040443,4.1,4.121,8.769
1040446,4.25,4.27,8.903
1040404,4.114,4.135,8.817
1040405,4.125,4.146,8.825
1201109,4.3,4.325,9.313
1201112,4.236,4.262,9.268
1201111,4.188,4.215,9.24
1070417,4.583,4.595,8.472
1070418,4.586,4.597,8.464
1070113,4.589,4.6,8.495
1070115,4.583,4.595,8.472
1090415,4.394,4.404,8.234
1090416,4.391,4.402,8.23
1090102,4.46,4.471,8.301
1090101,4.491,4.502,8.348
1070419,4.632,4.645,8.671
1070420,4.638,4.651,8.666
1070102,4.632,4.645,8.671
1070103,4.638,4.651,8.666
1030100,3.855,3.866,7.825
1030114,3.895,3.907,7.901
1030426,3.954,3.965,7.92
1030427,3.944,3.955,7.908
1130187,3.289,3.313,8.219
1130188,3.268,3.293,8.21
1040133,3.791,3.811,8.452
1040231,3.711,3.731,8.386
1040233,3.743,3.763,8.417
1040234,3.704,3.724,8.374
1040407,3.802,3.822,8.466
1040406,3.795,3.816,8.456
1201133,4.061,4.083,8.829
1201134,4.056,4.078,8.812
1201429,4.056,4.078,8.812
1201430,4.061,4.083,8.829
1040112,3.451,3.47,8.06
1040115,3.418,3.438,8.087
1040125,3.576,3.594,8.129
1040127,3.449,3.468,8.04
1040130,3.258,3.278,7.915
1040139,3.419,3.439,8.054
1040141,3.43,3.449,8.06
1040144,3.339,3.358,7.984
1040146,3.314,3.334,7.977
1040271,3.369,3.387,7.962
1040272,3.372,3.391,7.967
1040273,3.375,3.394,7.971
1040274,3.378,3.397,7.976
1040275,3.38,3.399,7.98
1040276,3.383,3.402,7.984
1040277,3.385,3.404,7.988
1040278,3.389,3.408,7.994
1040279,3.392,3.411,7.999
1040280,3.395,3.414,8.003
1040281,3.398,3.417,8.009
1040282,3.401,3.42,8.013
1040283,3.404,3.423,8.018
1040284,3.407,3.426,8.022
1040285,3.409,3.428,8.026
1040289,3.409,3.428,8.044
1040291,3.291,3.309,7.868
1040601,3.394,3.413,7.998
1040602,3.394,3.413,7.997
1040409,3.521,3.54,8.115
1040408,3.5,3.519,8.093
1201129,4.096,4.12,9.007
1040126,3.76,3.779,8.325
1040124,3.977,3.995,8.457
1040440,3.978,3.995,8.435
1050439,4.029,4.047,8.513
1204105,4.977,4.995,9.43
1204106,5.047,5.066,9.488
1204118,5.037,5.055,9.479
1130446,3.0,3.023,7.915
1130447,3.021,3.045,7.933
1130109,3.213,3.234,7.983
1130110,3.088,3.11,7.907
1130139,3.174,3.195,7.939
1130438,3.167,3.189,7.948
1130439,3.174,3.195,7.939
1130440,2.955,2.977,7.813
1130441,3.013,3.035,7.856
1040481,3.638,3.66,8.434
1040153,4.173,4.193,8.747
1040441,4.141,4.161,8.708
1040444,4.206,4.226,8.799
1050114,4.242,4.261,8.802
1050132,4.137,4.155,8.668
1050432,4.137,4.155,8.668
1040442,4.012,4.032,8.633
1050107,4.105,4.122,8.528
1050116,4.076,4.094,8.5
1204107,4.864,4.882,9.255
1204117,4.859,4.877,9.251
1050113,4.626,4.643,9.011
1050115,4.629,4.647,9.008
1050415,4.626,4.643,9.011
1050416,4.629,4.647,9.008
1050417,4.556,4.574,8.982
1204109,4.82,4.839,9.306
1204110,4.837,4.856,9.321
1204111,4.669,4.687,9.127
1204112,4.656,4.675,9.107
1050108,4.262,4.277,8.537
1050109,4.336,4.351,8.604
1050408,4.262,4.277,8.537
1050412,4.307,4.322,8.568
1050112,4.62,4.637,8.902
1050117,4.62,4.636,8.886
1060102,4.66,4.676,8.905
1060103,4.638,4.653,8.89
1070423,4.62,4.635,8.864
1070424,4.626,4.641,8.863
1070119,4.626,4.641,8.863
1070118,4.62,4.635,8.864
1050106,4.073,4.089,8.42
1050413,4.073,4.089,8.42
1050414,4.084,4.1,8.432
1050110,4.288,4.305,8.643
1020105,2.863,2.873,6.928
1010421,3.216,3.226,7.165
1010422,3.249,3.259,7.201
1010107,3.082,3.088,6.886
1010108,3.061,3.068,6.881
1010128,3.087,3.095,6.921
1040117,3.409,3.427,7.916
1040410,3.403,3.421,7.899
1040411,3.409,3.427,7.916
1040129,3.145,3.163,7.73
1070104,4.911,4.925,8.953
1070105,4.736,4.75,8.783
1070107,4.715,4.729,8.856
1070108,4.775,4.79,8.919
1070121,4.623,4.638,8.779
1070122,4.623,4.638,8.771
1070421,4.623,4.638,8.779
1070422,4.623,4.638,8.771
1070109,4.523,4.537,8.643
1070110,4.542,4.556,8.664
1070111,4.25,4.264,8.39
1070112,4.355,4.369,8.491
1070425,4.336,4.35,8.441
1070106,4.923,4.938,9.034
1040102,3.869,3.886,8.251
1040123,3.835,3.852,8.276
1040401,3.867,3.883,8.256
1040438,3.871,3.888,8.27
1050111,3.903,3.919,8.215
1030113,4.064,4.078,8.243
1070114,4.127,4.141,8.284
1070414,4.127,4.141,8.284
1070427,4.064,4.078,8.243
1030119,3.844,3.858,8.074
1030401,3.828,3.843,8.083
1030428,3.85,3.864,8.082
1030429,3.861,3.876,8.094
1040104,3.752,3.767,8.067
1040437,3.732,3.747,8.024
1040445,3.722,3.736,8.008
1050120,3.888,3.902,8.135
1070426,4.225,4.238,8.312
1030424,3.699,3.71,7.698
1030425,3.679,3.69,7.663
1020450,3.503,3.514,7.55
1020455,3.5,3.511,7.568
1010180,3.667,3.678,7.588
1010419,3.432,3.442,7.373
1010420,3.409,3.419,7.349
1010103,3.373,3.381,7.197
1010105,3.237,3.245,7.06
1010106,3.192,3.199,7.02
1020446,3.443,3.458,7.747
1020447,3.427,3.442,7.744
1020463,3.49,3.505,7.83
1020464,3.545,3.56,7.867
1030102,3.619,3.634,7.913
1030121,3.642,3.656,7.902
1030122,3.581,3.596,7.874
1020448,3.468,3.481,7.635
1020449,3.456,3.47,7.647
1351114,5.77,5.756,4.849
1351115,5.687,5.673,4.807
1351116,6.039,6.025,5.015
1351117,6.018,6.003,5.008
1351129,6.122,6.107,5.07
1351102,5.322,5.306,4.474
1351105,5.57,5.552,4.034
1351106,5.567,5.549,4.065
1351103,5.518,5.501,4.32
1351104,5.513,5.497,4.401
1351107,5.615,5.595,3.743
1351108,5.622,5.603,3.752
1351109,5.58,5.561,3.681
1351110,5.57,5.55,3.682
1351101,5.444,5.428,4.52
1351113,5.421,5.406,4.573
1341124,5.024,5.009,4.298
1341125,5.033,5.018,4.312
1284100,3.225,3.2,2.508
1284105,3.223,3.198,2.519
1284155,3.39,3.364,2.39
1284156,3.32,3.294,2.46
1284154,3.021,2.997,2.727
1284182,2.967,2.943,2.77
1284167,3.269,3.246,2.752
1284168,3.277,3.254,2.755
1284101,3.741,3.714,2.024
1284102,3.681,3.654,1.978
1284108,3.593,3.566,2.006
1284117,3.829,3.802,1.898
1284118,3.785,3.758,1.938
1284188,3.645,3.619,2.07
1284189,3.641,3.614,2.084
1284151,2.777,2.753,2.967
1284152,2.714,2.691,3.038
1286134,2.543,2.525,3.794
1286135,2.479,2.461,3.84
1283132,2.422,2.402,3.663
1283133,2.422,2.402,3.613
1282100,2.895,2.879,3.921
1282136,2.911,2.895,3.868
1282137,2.891,2.875,3.874
1286100,2.846,2.83,4.011
1283130,2.507,2.485,3.414
1283131,2.471,2.449,3.35
1250119,2.377,2.352,3.116
1250120,2.344,2.319,3.12
1250117,2.265,2.238,2.976
1250118,2.256,2.228,2.972
1250431,2.235,2.208,3.033
1284127,3.524,3.502,2.858
1284129,3.494,3.472,2.885
1283187,3.507,3.486,3.143
1284103,3.413,3.392,3.182
1284104,3.43,3.409,3.042
1284186,3.434,3.413,3.082
1282140,3.331,3.318,4.198
1282141,3.351,3.337,4.216
1281108,3.901,3.886,4.052
1281109,3.888,3.872,3.997
1282106,3.807,3.79,3.74
1284134,3.952,3.929,2.662
1284135,3.952,3.929,2.665
1284136,4.106,4.081,2.356
1284137,4.11,4.086,2.356
1284126,3.678,3.655,2.606
1284128,3.733,3.709,2.506
1284132,3.684,3.661,2.67
1284133,3.664,3.64,2.653
1284169,3.549,3.525,2.598
1284170,3.502,3.479,2.66
1284171,3.655,3.631,2.559
1341116,4.855,4.84,4.406
1341117,4.854,4.84,4.409
1341105,4.686,4.67,4.146
1341122,4.75,4.734,4.144
1341123,4.737,4.721,4.158
1284106,3.901,3.876,2.222
1284113,3.923,3.898,2.23
1284124,3.91,3.886,2.297
1284125,3.978,3.953,2.192
1284138,3.963,3.939,2.257
1284139,3.98,3.955,2.263
1284122,4.215,4.19,1.897
1284123,4.23,4.204,1.801
1284172,4.313,4.287,1.767
1282101,3.435,3.415,3.376
1282102,3.433,3.414,3.409
1282103,3.614,3.596,3.619
1282104,3.586,3.568,3.622
1282146,3.483,3.466,3.648
1282147,3.491,3.474,3.725
1282148,3.602,3.584,3.539
1342198,5.249,5.228,3.161
1282105,3.053,3.039,4.083
1282107,3.052,3.037,4.087
1282139,3.185,3.17,4.049
1282142,3.245,3.23,4.039
1282143,3.234,3.22,4.099
1282144,3.389,3.374,3.918
1282145,3.405,3.389,3.897
1281105,3.891,3.875,3.845
1281107,3.944,3.927,3.803
1282150,3.874,3.855,3.396
1341118,4.25,4.234,3.932
1341119,4.162,4.146,3.916
1282149,3.904,3.886,3.61
1341126,4.383,4.365,3.647
1341104,4.945,4.924,3.243
1341130,5.024,5.003,3.317
1341131,5.015,4.994,3.322
1342115,5.652,5.629,2.905
1342116,5.653,5.63,2.912
1342113,5.351,5.328,2.715
1342114,5.317,5.294,2.698
1284158,4.563,4.538,2.048
1284159,4.545,4.52,2.046
1284109,4.756,4.731,2.263
1342110,4.785,4.761,2.327
1342111,5.052,5.029,2.508
1342112,4.973,4.949,2.457
1285164,4.053,4.025,1.408
1285165,3.996,3.968,1.457
1285183,4.386,4.358,1.186
1285184,4.339,4.312,1.205
1285162,3.724,3.696,1.591
1285163,3.732,3.704,1.599
1285166,4.527,4.5,1.151
1284174,4.496,4.469,1.634
1284175,4.621,4.594,1.535
1284121,3.943,3.917,1.807
1284157,4.325,4.299,1.875
1284120,4.089,4.063,1.735
1285158,3.553,3.526,1.849
1285159,3.511,3.483,1.874
1260114,3.247,3.219,2.064
1260115,3.232,3.204,2.082
1285160,3.549,3.521,1.716
1285161,3.515,3.487,1.766
1250115,1.929,1.9,3.236
1250116,1.879,1.851,3.29
1260103,2.652,2.623,2.506
1260104,2.649,2.62,2.509
1250180,2.416,2.388,2.793
1260109,2.45,2.422,2.758
1250107,2.205,2.177,2.97
1250108,2.161,2.133,3.012
1260110,2.774,2.746,2.477
1260111,2.767,2.739,2.487
1260192,2.497,2.469,2.679
1260112,3.083,3.055,2.204
1260113,2.998,2.97,2.283
1260105,2.781,2.752,2.388
1260180,2.781,2.752,2.393
1260108,2.826,2.798,2.39
1260106,2.962,2.934,2.199
1260107,2.928,2.899,2.252
1341128,4.531,4.51,3.184
1341129,4.524,4.504,3.214
1341127,4.424,4.405,3.511
1341137,4.799,4.778,3.185
1341138,4.789,4.769,3.193
1341132,5.289,5.269,3.483
1341133,5.344,5.324,3.522
1341136,5.352,5.332,3.525
1351123,5.821,5.802,3.842
1351112,5.564,5.543,3.439
1352148,7.411,7.39,4.375
1353117,5.986,5.962,2.944
1281110,3.925,3.916,4.943
1301111,4.783,4.804,8.912
1600203,13.101,13.072,8.556
1600204,13.173,13.145,8.62
1600202,12.621,12.593,8.074
1600207,13.947,13.919,9.351
1600208,13.89,13.862,9.293
1600205,13.372,13.344,8.809
1600206,13.446,13.418,8.871
1600209,14.64,14.612,10.038
1600211,15.212,15.183,10.605
1601140,15.105,15.077,10.586
1600210,14.514,14.486,9.911
1601130,14.684,14.656,10.421
1600213,15.601,15.573,10.982
1600214,15.498,15.47,10.882
1601205,15.533,15.505,10.92
1600212,15.076,15.048,10.469
1601201,16.172,16.144,11.677
1601202,16.177,16.149,11.683
1600215,16.768,16.739,12.123
1602201,16.76,16.732,12.095
1602202,16.767,16.739,12.099
1601209,16.515,16.488,12.05
1601210,16.552,16.524,12.089
1601203,16.848,16.82,12.408
1601204,16.806,16.779,12.363
1601207,17.207,17.18,12.752
1601208,17.21,17.182,12.752
1601206,17.475,17.447,13.007
1602109,16.531,16.503,11.714
1602110,16.33,16.301,11.486
1602111,16.555,16.526,11.689
1602203,16.849,16.82,12.014
1602102,16.824,16.795,11.991
1602204,16.953,16.924,12.22
1600216,16.634,16.605,11.982
1600231,17.003,16.975,12.367
1602205,17.247,17.218,12.271
1600218,17.145,17.117,12.513
1600217,17.237,17.209,12.611
1602101,19.908,19.879,14.954
