stop_id,clust,stop_lat,stop_lon,stop_name,geometry
1302216,3,60.18696,24.8681,Kuusiniementie,POINT (24.8681 60.18696)
1302218,30,60.184553,24.857309,Kuusisaarenkuja,POINT (24.857309 60.184553)
1302217,4,60.18716,24.86985,Kuusiniementie,POINT (24.86985 60.18716)
1301215,687,60.192436,24.880264,Saunalahti,POINT (24.880264 60.192436)
1310142,5,60.15657,24.885505000000002,Heikkiläntie,POINT (24.88541 60.15653)
1310145,11,60.153341499999996,24.8850345,Vattuniemenkuja,POINT (24.88507 60.15336)
1310104,16,60.1602815,24.887251,Koillisväylä,POINT (24.88663 60.16085)
1310129,6,60.153774999999996,24.87681,Särkiniementie,POINT (24.87722 60.15365)
1310131,12,60.154039999999995,24.880718,Kiviaidankatu,POINT (24.88144 60.15394)
1310109,14,60.1577425,24.8729875,Lauttasaaren kirkko,POINT (24.87228 60.15817)
1310146,7,60.150856000000005,24.8859425,Nahkahousuntie,POINT (24.88587 60.15126)
1310133,8,60.15089,24.88264,Melkonkatu,POINT (24.88264 60.15089)
1310134,9,60.15206,24.88245,Melkonkatu,POINT (24.88245 60.15206)
1310137,10,60.149985,24.881588,Melkonkuja,POINT (24.881588 60.149985)
1310101,13,60.161233333333335,24.89099333333333,Lauttasaaren silta,POINT (24.89056 60.16126)
1310140,17,60.158869,24.886624,Pajalahdentie,POINT (24.886624 60.158869)
1310103,18,60.16068,24.88418,Koillisväylä,POINT (24.88418 60.16068)
1201131,995,60.16338,24.904725,Salmisaari,POINT (24.9044 60.16338)
1310205,22,60.159182,24.8747,Lahnalahden p.,POINT (24.8747 60.159182)
1310111,24,60.15684,24.86827,Kuikkarinne,POINT (24.86791 60.1568)
1310124,15,60.161505000000005,24.870105000000002,Lahnalahdentie,POINT (24.8697 60.16161)
1310105,20,60.1604205,24.8803445,Lauttasaarentie,POINT (24.87946 60.16055)
1310601,19,60.1594025,24.878535,Lauttasaari,POINT (24.87857 60.159362)
1201107,1000,60.163293833333334,24.9147485,Selkämerenkatu,POINT (24.916438 60.162674)
1310126,21,60.16071,24.87498,Lahnalahden puisto,POINT (24.87498 60.16071)
1310113,25,60.156765,24.864915,Takaniementie,POINT (24.86445 60.15688)
1310115,26,60.15882,24.861195000000002,Viklakuja,POINT (24.86085 60.15934)
1310117,28,60.16208,24.860129999999998,Vaskiniementie,POINT (24.85976 60.16207)
1310119,27,60.165065,24.85843,Koivusaarentie,POINT (24.85843 60.16521)
1310121,29,60.16819,24.85737,Katajaharju,POINT (24.85737 60.16819)
1303100,32,60.1795575,24.851427100000002,Lehtisaarentie,POINT (24.850458 60.180423)
1302219,31,60.18488,24.85935,Kuusisaarenkuja,POINT (24.85935 60.18488)
1303111,35,60.180475,24.846967,Lehdesniityntie,POINT (24.846967 60.180475)
1412118,92,60.270096,25.072739333333335,Heikinlaakso,POINT (25.07277 60.26959)
1492126,39,60.161187,25.08553,Jollaksentie 62,POINT (25.08553 60.161187)
1492122,45,60.1642205,25.077233,Jollaksentie,POINT (25.077224 60.164225)
1492103,40,60.160887,25.092593,Meri Perttilän Polku,POINT (25.092593 60.160887)
1335100,617,60.2591885,24.8929455,Kuninkaantammenaukio,POINT (24.893241 60.259206)
1333105,835,60.25119933333334,24.849413,Neulastie,POINT (24.85015 60.251343)
1492143,44,60.16402,25.070325,Rannikkolaivurintie,POINT (25.07081 60.16404)
1492121,46,60.165331,25.075751666666665,Puuskaniementie,POINT (25.075415 60.165093)
1492141,296,60.164514999999994,25.06189,Takilatie,POINT (25.06189 60.16448)
1492100,38,60.161556,25.083062,Jollas Instituutti,POINT (25.083062 60.161556)
1492151,48,60.166105,25.080025,Kellaripellonpolku,POINT (25.08049 60.16611)
1492147,47,60.16793,25.080440000000003,Puuskakuja,POINT (25.08038 60.16808)
1492149,49,60.17061,25.07991,Puuskarinne,POINT (25.07991 60.17061)
1370103,50,60.239905,24.979734999999998,Isonpellontie,POINT (24.97993 60.23991)
1370107,231,60.2429645,24.994440374999996,Pukinmäen asema,POINT (24.993044 60.242171)
1284178,1121,60.23699,24.97454,Oulunkylän rantap.,POINT (24.97454 60.23699)
1510101,51,60.155024999999995,25.048995,Hevossalmen silta,POINT (25.04894 60.1551)
1510103,52,60.152074999999996,25.045814999999997,Kadettikoulu,POINT (25.04565 60.15202)
1495154,267,60.15913,25.049415,Hevossalmi,POINT (25.04939 60.15902)
1510105,53,60.14938,25.04102,Kasarmit,POINT (25.04102 60.14938)
1510106,54,60.15038,25.04175,Kasarmit,POINT (25.04175 60.15038)
1510107,55,60.14598,25.03965,Santahamina,POINT (25.03965 60.14598)
1454120,59,60.21844,25.048285,Myllärintie,POINT (25.04887 60.21841)
1362112,238,60.22411666666667,25.02141333333333,Latokartano,POINT (25.0203 60.22423)
1456122,401,60.214812,25.058705,Holkkitie,POINT (25.058645 60.214928)
1362131,60,60.23069,25.02132,Ylioppilaskylä,POINT (25.02139 60.23078)
1362119,87,60.233329999999995,25.030945,Latokartanonkaari,POINT (25.03099 60.233)
1362104,88,60.23459866666667,25.033164,Agronominkatu kp,POINT (25.033872 60.234826)
1362105,242,60.2280875,25.012394999999998,Viikki,POINT (25.01202 60.22862)
1473162,61,60.22759,25.121850000000002,Uussillantie,POINT (25.12199 60.22755)
1473164,397,60.2302485,25.1268375,Mellunmäentie,POINT (25.12675 60.23008)
1451192,410,60.223415,25.114085000000003,Linnanherrantie,POINT (25.11436 60.22345)
1473122,62,60.229243,25.115878,Uussillanrinne,POINT (25.115878 60.229243)
1473123,64,60.22898,25.110548,Rekikuja,POINT (25.110548 60.22898)
1473121,63,60.22934,25.118306,Ojapuisto,POINT (25.118306 60.22934)
1451103,519,60.227289999999996,25.103175,Huntutie,POINT (25.10316 60.22724)
1414145,65,60.25649,25.082105,Louhikkotie,POINT (25.08238 60.25679)
1414143,72,60.253955000000005,25.078110000000002,Maratontie,POINT (25.07806 60.2539)
1414147,79,60.259775000000005,25.084384999999997,Somerikkopolku,POINT (25.08457 60.25979)
1413112,66,60.25305,25.06321,Jarrutie,POINT (25.06321 60.25305)
1413119,69,60.256148,25.06408,Hevosmiehenkatu,POINT (25.06408 60.256148)
1413113,67,60.25228,25.06229,Jarrutie,POINT (25.06229 60.25228)
1384161,90,60.247635,25.055950000000003,Harkkoraudantie,POINT (25.05617 60.24761)
1413118,68,60.255113,25.063618,Hevosmiehenkatu,POINT (25.063618 60.255113)
1413114,70,60.25933,25.06483,Tattarisuontie,POINT (25.06483 60.25933)
1413116,76,60.262757,25.068038,Suurmetsäntie,POINT (25.06838 60.26241)
1413115,71,60.25822,25.06413,Tattarisuontie,POINT (25.06413 60.25822)
1414141,73,60.25374,25.0734,Kaadekuja,POINT (25.07349 60.25368)
1414139,74,60.255160000000004,25.069775,Jakomäentie 10,POINT (25.06971 60.25497)
1414137,81,60.259005,25.071649999999998,Jakomäentie 6,POINT (25.07136 60.25883)
1414149,75,60.26445,25.08401,Kalteentie,POINT (25.08393 60.26448)
1414155,80,60.260895000000005,25.086109999999998,Kuussillantie,POINT (25.08622 60.26099)
1412130,77,60.26327,25.06988,Suurmetsäntie,POINT (25.06959 60.26363)
1411105,197,60.26443,25.05769,Karhekuja,POINT (25.05769 60.26443)
1414152,78,60.261995,25.079705,Huokotie,POINT (25.08012 60.2619)
1414135,83,60.2617465,25.075272,Jakomäen ostosk.,POINT (25.075388 60.261811)
1412132,93,60.26757,25.0718,Kalliotie,POINT (25.0718 60.26757)
1370113,84,60.25102,24.986815,Pukinmäenkaari,POINT (24.98678 60.25129)
1391116,161,60.254535000000004,24.983694999999997,Tapaninvainiontie,POINT (24.9837 60.25464)
1370111,224,60.24746000000001,24.991856666666667,Kenttätie,POINT (24.99175 60.24716)
1370102,229,60.247101,24.986081,Säveltie,POINT (24.986081 60.247101)
1362127,85,60.228139999999996,25.027895,Viikin normaalikoulu,POINT (25.02792 60.22806)
1362129,86,60.230819999999994,25.030205,Erik Spåren tie,POINT (25.03053 60.23112)
1362115,237,60.225655,25.023795,Tilanhoitajankaari,POINT (25.02402 60.22567)
1362145,552,60.235195000000004,25.04105,Biologinkatu,POINT (25.04165 60.23508)
1362101,89,60.232398,25.035738,Limnologinraitti,POINT (25.035738 60.232398)
1385152,148,60.24613,25.04853,Kankiraudantie,POINT (25.04853 60.24613)
1412133,94,60.26665,25.07134,Kalliotie,POINT (25.07134 60.26665)
1411111,194,60.26963,25.06259,Puistolan raitti,POINT (25.06115 60.26945)
1385160,95,60.255845,25.03244,Pilvitie,POINT (25.03316 60.25571)
1382158,98,60.256434999999996,25.024315,Saniaistie,POINT (25.02477 60.25644)
1385180,102,60.26301,25.0414,Tasankotie,POINT (25.0414 60.26301)
1392101,96,60.258852000000005,25.028543,Saniaiskuja,POINT (25.028559 60.258842)
1382111,97,60.257466,25.026041499999998,Malminkaari,POINT (25.026081 60.257578)
1392103,104,60.2613385,25.028981,Fallkullantie,POINT (25.028908 60.261308)
1382112,131,60.254287,25.019157,Hela-aukio,POINT (25.019157 60.254287)
1382165,136,60.252875,25.014505,Soidintie,POINT (25.01507 60.25315)
1385104,99,60.26557333333333,25.041983333333334,Suurmetsäntie,POINT (25.04177 60.26529)
1385102,101,60.2623935,25.039772,Sointutie,POINT (25.039394 60.262717)
1411100,206,60.267058,25.032918,Kuutie,POINT (25.032918 60.267067)
1385100,100,60.26374,25.037096,Helluntairaitti,POINT (25.037096 60.26374)
1392105,106,60.2634962,25.031179400000003,Fallkulla,POINT (25.030925 60.262863)
1392138,103,60.2650755,25.0257175,Tapanilan tori,POINT (25.02579 60.26512)
1392150,105,60.26307,25.02692,Jukolantie,POINT (25.027 60.26313)
1392136,210,60.26939333333333,25.024306666666664,Päivöläntie,POINT (25.02404 60.26918)
1392148,122,60.260455,25.020895000000003,Viertolantie,POINT (25.02155 60.26028)
1382163,138,60.25062285714286,25.012092285714285,Ala-Malmin tori,POINT (25.01215 60.25152)
1402125,187,60.274856428571425,25.036108000000002,Puistolan asema,POINT (25.0353 60.27528)
1364103,107,60.227898,24.9897405,Bysantinkuja,POINT (24.989917 60.228033)
1361112,235,60.22396966666667,24.988742333333334,Viikinm. ampumarata,POINT (24.98927 60.22372)
1364105,248,60.22984983333333,24.998587333333333,Viikinmäki,POINT (24.99814 60.23021)
1401103,108,60.271770000000004,24.99213,Kytöpolku,POINT (24.99206 60.27145)
1401101,119,60.26942,24.9835,Peltokyläntie,POINT (24.98338 60.2693)
1401105,169,60.274886499999994,24.991146,Siltamäen ostosk.,POINT (24.99112 60.27532)
1401109,171,60.27499433333333,24.997506666666666,Suutarilantie,POINT (24.99796 60.27481)
1403126,215,60.266774999999996,24.9932,Soinintie,POINT (24.99344 60.2669)
1382101,109,60.241115,25.031015,Tattariharjuntie,POINT (25.03104 60.24123)
1382128,114,60.2423762,25.019505400000003,Latokartanontie,POINT (25.019695 60.24175)
1474122,553,60.236676,25.0418,Kivikonlaita,POINT (25.0418 60.236676)
1382145,110,60.242515,25.02792,Raetie,POINT (25.02813 60.24243)
1382147,144,60.2443825,25.034480000000002,Usvatie,POINT (25.03355 60.24359)
1383106,111,60.237173,25.0186525,Liuskekuja,POINT (25.01858 60.237071)
1383115,115,60.239258,25.0190275,Hiekkakiventie,POINT (25.019102 60.239347)
1383104,254,60.234722500000004,25.014768,Kivijalka,POINT (25.014985 60.23482)
1383111,112,60.236355,25.02201,Malmin hautausmaa,POINT (25.02225 60.23676)
1382113,117,60.240179,25.021039,Seppämestarintie,POINT (25.021039 60.240179)
1383109,256,60.2330125,25.012067499999997,Meripihkatie,POINT (25.01284 60.23295)
1382115,113,60.243425,25.015375,Riihenkulma,POINT (25.01545 60.24349)
1382123,139,60.2474,25.011345,Ala-Malmi,POINT (25.01138 60.24755)
1383114,116,60.23859,25.02095,Seppämestarintie,POINT (25.02095 60.23859)
1382104,118,60.24164,25.02326,Latokartanontie,POINT (25.02326 60.24164)
1401114,127,60.26679,24.98035,Niemitie,POINT (24.98012 60.26722)
1392157,120,60.25747,25.013065,Huhtakuja,POINT (25.0132 60.25743)
1392188,125,60.25978,25.01236,Huhtapuisto,POINT (25.01236 60.25978)
1381155,141,60.255570000000006,25.010315,Malmin raitti 15,POINT (25.01035 60.2556)
1392146,121,60.261,25.017125,Halmetie,POINT (25.01763 60.2608)
1392143,123,60.262204999999994,25.012155,Kotinummentie,POINT (25.01222 60.26215)
1391187,124,60.26077,25.01166,Huhtapuisto,POINT (25.01166 60.26077)
1391112,126,60.2643775,24.9832,Santerlantie,POINT (24.98384 60.26381)
1391110,154,60.261134999999996,24.9853575,Valakkatie,POINT (24.98636 60.26129)
1391108,156,60.258635,24.993575,Vanha Tapanilantie,POINT (24.9934 60.25877)
1353123,647,60.25601,24.95801,Tuomarinkyläntie,POINT (24.95801 60.25601)
1353121,653,60.254992,24.952652,Yhdyskunnantie,POINT (24.952652 60.254992)
1382175,128,60.249905,25.029885,Pyrytie,POINT (25.02981 60.24988)
1382186,129,60.25094,25.02559,Teerisuonkuja,POINT (25.02561 60.25097)
1382179,143,60.247555000000006,25.03342,Nallenmäentie,POINT (25.03338 60.24752)
1382141,130,60.252815,25.02197,Teerisuontie,POINT (25.02167 60.25316)
1382139,134,60.250065,25.02008,Lallintie,POINT (25.02018 60.25005)
1381123,132,60.2535865,25.003186,Malmin sairaala,POINT (25.002922 60.253412)
1381124,133,60.253848,25.000627,Malmin sairaala,POINT (25.000627 60.253848)
1381101,137,60.25030941666666,25.008774,Malmin asema,POINT (25.00946 60.25004)
1391106,157,60.25732,24.99856,Syystie,POINT (24.99789 60.25733)
1381107,158,60.256375000000006,24.99843,Syystie,POINT (24.99936 60.25636)
1382167,135,60.2513705,25.017916999999997,Pekanraitti,POINT (25.017874 60.251471)
1382169,140,60.248734999999996,25.011895,Paavolantie,POINT (25.01278 60.24882)
1381153,142,60.253785,25.008965,Viljakuja,POINT (25.00895 60.25366)
1370121,221,60.24617,25.00154,Ruotutorpankuja,POINT (25.00154 60.24617)
1285103,1124,60.228711,24.968044333333335,Oulunkylän asema,POINT (24.967892 60.228546)
1384147,145,60.244344999999996,25.040284999999997,Valuraudantie,POINT (25.04056 60.24429)
1384149,146,60.24535,25.044975,Malmin lentokenttä,POINT (25.04537 60.24534)
1384151,147,60.24642,25.05051,Kankiraudantie,POINT (25.05051 60.24642)
1391118,149,60.257115,24.981575,Uimarannantie,POINT (24.98163 60.25723)
1391120,152,60.25960166666667,24.981294666666667,Pohjanpellontie,POINT (24.98156 60.25975)
1391134,150,60.259114999999994,24.987246499999998,Tapaninvainiontie,POINT (24.987201 60.259102)
1391124,151,60.258482,24.9841035,Uimarannantie,POINT (24.984184 60.258496)
1391103,163,60.2556135,24.9885765,Haapatori,POINT (24.988976 60.255687)
1391190,153,60.261314999999996,24.99053,Laukkipäänpolku,POINT (24.99091 60.26154)
1391142,155,60.26117,25.003635000000003,Kotikaivontie,POINT (25.00335 60.26103)
1391141,160,60.25832,25.00074,Laulurastaantie,POINT (25.00074 60.25832)
1391192,212,60.263885,25.004555,Leivosentie,POINT (25.00455 60.26397)
1391140,159,60.25929,25.00169,Laulurastaantie,POINT (25.00169 60.25929)
1391100,162,60.256088500000004,24.9923025,Haapatie,POINT (24.992204 60.256121)
1391101,165,60.253605,24.993904999999998,Suvitie,POINT (24.9941 60.25397)
1370128,164,60.25147,24.994105,Leppätie,POINT (24.99443 60.25133)
1370119,223,60.248615,24.997445,Ukkostie,POINT (24.99755 60.24868)
1401106,166,60.27720266666666,24.99019266666667,Siltamäki,POINT (24.9909 60.2774)
1401131,168,60.278490000000005,24.9947,Kiertotähdenkuja,POINT (24.99518 60.27863)
1401134,167,60.27942,24.998224999999998,Pohjantähdentie,POINT (24.99788 60.27931)
1401124,181,60.279534999999996,25.00428,Revontulentie,POINT (25.00451 60.27925)
1401113,188,60.27988,25.010706666666664,Hannukselanpolku,POINT (25.01124 60.28044)
1401151,172,60.273883,24.986218,Jousimiehentie 10,POINT (24.986218 60.273883)
1403169,170,60.274649999999994,25.001559999999998,Yläkaskentie,POINT (25.0013 60.27504)
1401111,182,60.27801333333333,25.005989999999997,Vaskipellontie,POINT (25.00693 60.27818)
1403167,202,60.27169,25.00497,Yläkaskenkuja,POINT (25.00543 60.27149)
1401123,173,60.282846666666664,25.02844,Tikkuritie,POINT (25.02771 60.28254)
1402119,174,60.280585,25.028615,Arttolantie,POINT (25.02847 60.28053)
1401127,177,60.28597,25.0151,Suutarilantie,POINT (25.0151 60.28597)
1402121,185,60.278504999999996,25.03086,Tapulikaupungintie,POINT (25.03001 60.27863)
1411130,175,60.276415,25.040595,Terrintie,POINT (25.03995 60.27665)
1411101,176,60.274115,25.044445,Puistolan tori,POINT (25.04459 60.2738)
1402150,186,60.27681,25.034475,Hatuntekijänkuja,POINT (25.03432 60.27665)
1411109,192,60.27141,25.04636,Karrintie,POINT (25.0461 60.27147)
1401128,178,60.28426,25.01348,Suutarilantie,POINT (25.01348 60.28426)
1401129,180,60.28693,25.01495,Ala-Tikkurila,POINT (25.01495 60.28693)
1401154,183,60.279117,25.016955,Lyhtytie,POINT (25.016582 60.279247)
1402127,184,60.2782225,25.0233825,Henrik Forsiuksen t.,POINT (25.02038 60.2787)
1411115,203,60.271482,25.037015500000003,Raidepolku,POINT (25.036978 60.271442)
1402156,204,60.271730000000005,25.03416,Porvarintie,POINT (25.03447 60.2721)
1333502,841,60.249288,24.861202,Malminkartano,POINT (24.861202 60.249288)
1401138,189,60.2820835,25.01265,Kynttiläkuja,POINT (25.0134 60.2822)
1401115,259,60.282497,25.001177,Revontulentie,POINT (25.001177 60.282497)
1401147,190,60.28125,25.01717,Lampputie,POINT (25.01717 60.28125)
1401149,191,60.28278,25.01751,Hehkulanka,POINT (25.01751 60.28278)
1411124,193,60.270920000000004,25.05226,Puistolan kirkko,POINT (25.05116 60.27112)
1411123,195,60.2701,25.05879,Puistolan VPK,POINT (25.05879 60.2701)
1411122,196,60.26998,25.0564,Puistolan VPK,POINT (25.0564 60.26998)
1411108,201,60.26653,25.05805,Koudantie,POINT (25.05805 60.26653)
1411107,200,60.26764,25.05906,Koudantie,POINT (25.05906 60.26764)
1413256,198,60.263526,25.0596,Karhekuja,POINT (25.0596 60.263526)
1411106,199,60.26365,25.05666,Karhekuja,POINT (25.05666 60.26365)
1403133,217,60.269165,25.009574999999998,Yrttimaantie 65,POINT (25.00956 60.26892)
1411113,205,60.269741499999995,25.035225,Hyttyspolku,POINT (25.03515 60.269661)
1402173,208,60.26848,25.032690000000002,Tapanilankaari,POINT (25.03245 60.26816)
1392180,207,60.268155,25.029690000000002,Moisiontie,POINT (25.02945 60.26817)
1392184,209,60.26941,25.0195685,Rintamasotilaantie,POINT (25.01931 60.26934)
1392165,216,60.26764333333333,25.014526666666665,Kotinummentie,POINT (25.01539 60.26788)
1403194,211,60.26568,25.003055,Kottaraistie,POINT (25.00316 60.26568)
1391196,219,60.26716,25.008503333333334,Sidetie,POINT (25.00979 60.26709)
1403130,213,60.268265,25.001025,Korsitie,POINT (25.00157 60.26832)
1403128,214,60.26765,24.996551,Vallesmannintie,POINT (24.99661 60.26765)
1403171,218,60.26857,25.005945,Sidekuja,POINT (25.00607 60.26855)
1392154,220,60.26573,25.01614,Tapanilan urheiluk.,POINT (25.01614 60.26573)
1382122,222,60.24685,25.00326,Ruotutorpankuja,POINT (25.00326 60.24685)
1383130,225,60.239965,25.002645,Rapakivenkuja,POINT (25.00259 60.23986)
1383180,226,60.240875,24.99828,Rapakivenkaari,POINT (24.99779 60.2408)
1383128,252,60.237205,25.006645,Vuolukiventie,POINT (25.00643 60.23739)
1370115,227,60.244581,24.9870095,Kilpisenpolku,POINT (24.987497 60.244228)
1370106,228,60.245953,24.986158,Säveltie,POINT (24.986158 60.245953)
1370117,230,60.242914999999996,24.9906605,Madetojankuja,POINT (24.990507 60.242867)
1342101,1114,60.24452,24.96076,Klaukkalanpuisto,POINT (24.96128 60.24466)
1370127,232,60.240134,24.994556,Ratavallintie,POINT (24.994556 60.240134)
1370126,233,60.239235,24.991308,Eteläniitynpolku,POINT (24.991308 60.239235)
1370125,234,60.237547,24.987565,Savela,POINT (24.987565 60.237547)
1361105,240,60.225114000000005,24.996868999999997,Hernepellonkuja,POINT (24.99648 60.22475)
1361104,634,60.21836,24.98539,Viikinranta,POINT (24.98539 60.21836)
1362137,236,60.2254615,25.0164925,Viikin biokeskus,POINT (25.01653 60.22536)
1431137,316,60.214953333333334,25.044089999999997,Siilitie 13,POINT (25.04418 60.21487)
1361114,239,60.22501,24.99381,Viikinm. puhdistamo,POINT (24.99355 60.22495)
1361116,244,60.227495000000005,24.999245,Harjulankatu,POINT (24.99892 60.22742)
1361106,241,60.223823,24.995055,Hernepellonkuja,POINT (24.995055 60.223823)
1361107,245,60.227265,25.00355,Maaherrantie,POINT (25.00447 60.22709)
1363101,243,60.230260599999994,25.009428800000002,Pihlajistontie,POINT (25.01018 60.23092)
1240122,662,60.212485,24.970239999999997,Koskelan varikko,POINT (24.97028 60.21218)
1240101,1132,60.215025,24.964505,Valtimontie,POINT (24.96463 60.2149)
1383134,246,60.230934,25.004528999999998,Salpausselänpolku,POINT (25.004888 60.230748)
1383136,247,60.23137,25.000501,Pihlajiston ostosk.,POINT (25.0003 60.23112)
1383192,249,60.233412,24.997172,Pihlajisto,POINT (24.997172 60.233412)
1285101,1116,60.231275499999995,24.975296,Veräjämäki,POINT (24.975489 60.2313)
1383117,250,60.2368865,25.0026865,Vuolukiventie,POINT (25.002798 60.236923)
1383120,251,60.235035,25.002602,Kinttupolku,POINT (25.002602 60.235035)
1383121,257,60.23442250000001,25.00970575,Meripihkatie,POINT (25.009002 60.234543)
1383100,258,60.235524,25.010897,Liusketie,POINT (25.010897 60.235524)
1383103,253,60.237582,25.00916,Maasälväntie,POINT (25.00916 60.237582)
1383123,255,60.233477333333326,25.008353666666665,Kiilletie,POINT (25.007725 60.233468)
1494167,261,60.17374,25.022781,Kaitalahti,POINT (25.022781 60.17374)
1494102,265,60.1707125,25.020345,Hopealaakso,POINT (25.02075 60.170748)
1493163,262,60.17661,25.02645,Tullisaari 2,POINT (25.02645 60.17661)
1494165,260,60.17507,25.02428,Kaitalahti 1,POINT (25.02428 60.17507)
1494107,263,60.168895,25.02586,Stansvikintie,POINT (25.025654 60.168898)
1494104,264,60.1689435,25.02037,Haakoninlahdenkatu,POINT (25.020529 60.1689)
1491166,284,60.17189933333333,25.03306166666667,Gunillantie,POINT (25.0326 60.17124)
1491133,266,60.172125,25.04941,Willebrandintie,POINT (25.04925 60.17203)
1491131,274,60.175795,25.05144,Sarvastonkaari,POINT (25.05111 60.17559)
1491136,293,60.168335,25.048724999999997,Sarpapolku,POINT (25.04855 60.16864)
1495150,294,60.16595,25.048655,Kutteritie,POINT (25.04848 60.16595)
1495101,297,60.161829000000004,25.048037333333337,Hevossalmentie,POINT (25.048352 60.161967)
1491124,268,60.183755,25.05707,Marunakuja,POINT (25.05709 60.18367)
1491152,269,60.184319,25.060905,Humalniementie 15,POINT (25.060905 60.184319)
1491126,273,60.180595,25.05963,Kiiltomadonpolku,POINT (25.05966 60.18038)
1491122,279,60.183854999999994,25.052125,Yliskylänkaari,POINT (25.05227 60.18382)
1491199,300,60.18652,25.057775,Kanavamäki 16,POINT (25.057775 60.18652)
1491138,270,60.16616,25.05443,Isosarvastontie,POINT (25.05391 60.16636)
1491159,271,60.175169999999994,25.03809,Borgströminkuja,POINT (25.03817 60.1752)
1491111,272,60.174794500000004,25.041082,Lauri Mikonpojan tie,POINT (25.040362 60.174743)
1491143,288,60.17078,25.038486499999998,Rudolfintie,POINT (25.038448 60.170788)
1493161,301,60.17725,25.03567,Tullisaari 1,POINT (25.03567 60.17725)
1491135,302,60.178819,25.040292,Orisaarentie,POINT (25.040292 60.178819)
1491109,276,60.17563,25.046405,Isosaarentie,POINT (25.0462 60.17566)
1491113,289,60.172036,25.039774,Rudolfintie,POINT (25.04015 60.17171)
1491128,275,60.17807,25.057125,Koulutanhua,POINT (25.05687 60.17809)
1491107,277,60.17822085714287,25.050695285714284,Jussaarenkuja,POINT (25.04844 60.17722)
1491147,281,60.18106025,25.05167625,Yliskyläntie,POINT (25.052744 60.180887)
1491101,278,60.184165,25.048524999999998,Itäniitynpolku,POINT (25.04893 60.18391)
1491103,280,60.182734999999994,25.050565,Humalniementie,POINT (25.05064 60.18248)
1434170,345,60.187726,25.041602,Kaivolahdenkatu,POINT (25.04133 60.18775)
1491150,282,60.181173,25.05473,Etanapolku,POINT (25.05473 60.181173)
1491163,283,60.169205500000004,25.0331695,Otonkuja,POINT (25.033204 60.169129)
1491121,285,60.167815999999995,25.037164999999998,Gunillankuja,POINT (25.03772 60.16737)
1491119,291,60.167885,25.04285,Gunillanpolku,POINT (25.04265 60.16787)
1491115,286,60.17027,25.04299,Kasperinkuja,POINT (25.04299 60.17027)
1491117,292,60.1687,25.04591,Svanströmintie,POINT (25.04599 60.16854)
1491116,287,60.17101,25.04185,Kasperinkuja,POINT (25.04185 60.17101)
1491139,290,60.169458,25.037778,Aakenraitti,POINT (25.037778 60.169458)
1495157,295,60.16414,25.04695,Suomensuontie,POINT (25.04695 60.16414)
1495104,299,60.1631365,25.056917,Kutteritie,POINT (25.057043 60.163419)
1495102,298,60.1623285,25.0529735,Hevossalmentie,POINT (25.05292 60.162338)
1420121,303,60.182145,24.99319,Mustikkamaa,POINT (24.99317 60.18217)
1420125,304,60.18034,24.99019,Mustikkamaanpolku,POINT (24.99005 60.18036)
1420103,381,60.1853175,25.0012025,Marsalkantie,POINT (25.0021 60.18505)
1420120,305,60.18011,24.98351,Korkeasaari,POINT (24.98351 60.18011)
1541139,307,60.2013975,25.127596500000003,Halkaisijantie,POINT (25.127873 60.201435)
1541143,314,60.20062,25.12281,Harbonkatu,POINT (25.12295 60.20063)
1541145,579,60.202209999999994,25.134,Kallvikinniemi,POINT (25.1341 60.2022)
1544102,308,60.1968995,25.1127395,Verkkotie,POINT (25.112749 60.196874)
1544100,313,60.197802499999995,25.1175195,Täkykuja,POINT (25.117625 60.197792)
1544155,309,60.195764,25.113432,Rantapuisto,POINT (25.113432 60.195764)
1541141,310,60.202325,25.117185,Fokkatori,POINT (25.11712 60.20228)
1541137,315,60.200195,25.119445,Ramsinniementie,POINT (25.11964 60.2001)
1541193,311,60.20538325,25.12010175,Rastil,POINT (25.12049 60.20562)
1452119,516,60.21495275,25.0928085,Puotila,POINT (25.09323 60.21498)
1452139,534,60.208634999999994,25.09947166666667,Puotilantie,POINT (25.099878 60.208948)
1431135,324,60.21249,25.0385,Siilitie 11,POINT (25.03878 60.21268)
1433103,317,60.202265,25.044775,Mekaanikonkatu 7,POINT (25.04454 60.20205)
1433105,322,60.19888,25.041013,Asentajanpuisto,POINT (25.041099 60.198894)
1433118,371,60.204930000000004,25.05073,Sahaajankatu 33,POINT (25.05101 60.20505)
1433127,373,60.20543,25.047803333333334,Mekaanikonkatu,POINT (25.04822 60.2052)
1434114,318,60.1901975,25.025678499999998,Herttoniemenranta,POINT (25.025627 60.190465)
1431186,321,60.19132,25.01852,Kipparlahti,POINT (25.01852 60.19132)
1434185,347,60.18813,25.02985,Suolakivenkuja,POINT (25.02984 60.18818)
1431102,319,60.19172,25.02131,Kipparlahti,POINT (25.02131 60.19172)
1420117,390,60.1888,25.01113,Tupasaari,POINT (25.01154 60.18864)
1434101,320,60.19212,25.02393,Kipparlahti,POINT (25.02393 60.19212)
1433108,362,60.19382,25.03673,Puusepänportti,POINT (25.03673 60.19382)
1420136,391,60.189673,25.013165,Rantatöyry,POINT (25.013165 60.189673)
1433107,378,60.196002,25.03878,Työnjohtajankatu,POINT (25.03878 60.196002)
1431180,323,60.19873,25.03652,Konemestarinkatu,POINT (25.03652 60.19873)
1431104,364,60.194977,25.031100999999996,Herttoniem,POINT (25.03007 60.19447)
1431133,370,60.209255999999996,25.0379755,Siilitie 9,POINT (25.037957 60.209329)
1432152,325,60.194585000000004,25.058230000000002,Satumaanpolku,POINT (25.05887 60.19461)
1432151,327,60.19416,25.05217,Roihuvuorentie,POINT (25.05217 60.19416)
1432157,326,60.195305000000005,25.05343,Porolahden koulu,POINT (25.0535 60.19536)
1432112,328,60.197797666666666,25.055167666666666,Keijukaistenpolku,POINT (25.054813 60.197833)
1433156,343,60.193115,25.046315,Porolahti,POINT (25.04621 60.19313)
1432154,330,60.197495,25.052206,Tuhkimontie,POINT (25.052206 60.197495)
1432161,352,60.20079,25.05962,Vuorenpeikontie,POINT (25.05972 60.20088)
1432116,329,60.19635,25.050907,Jättiläisenpolku,POINT (25.050907 60.19635)
1440103,331,60.190275,25.05432,Kummeltie,POINT (25.05435 60.19022)
1440105,335,60.190545,25.05883,Leppisaarenkuja,POINT (25.05932 60.19054)
1432110,332,60.195755000000005,25.06333,Ruonasalmi,POINT (25.06393 60.19561)
1440109,333,60.19371,25.06513,Mäntypaadentie,POINT (25.06513 60.19371)
1440107,334,60.191825,25.062415,Pellonperäntie,POINT (25.06243 60.19178)
1456197,336,60.2124,25.04932,Levytie,POINT (25.04932 60.2124)
1456198,337,60.2107,25.04788,Laippatie,POINT (25.04788 60.2107)
1456194,340,60.209743,25.053734,Pulttitie,POINT (25.05373 60.20997)
1456107,338,60.209875,25.058595,Roihupelto,POINT (25.05867 60.20955)
1453105,393,60.209174999999995,25.066677499999997,Ratasmyllyntie,POINT (25.06718 60.20879)
1456153,339,60.209323,25.056896,Roihupelto,POINT (25.056896 60.209323)
1433120,369,60.206599999999995,25.053215,Pikkupurontie,POINT (25.05334 60.20661)
1432122,358,60.20643,25.05716,Prinsessantie,POINT (25.0571 60.20641)
1456196,341,60.21155,25.05357,Tulppatie,POINT (25.05357 60.21155)
1440101,342,60.18997,25.049370000000003,Väylänsuu,POINT (25.04989 60.18986)
1434154,363,60.19273,25.03804,Linnanrakentajantie,POINT (25.03804 60.19273)
1434177,346,60.189036,25.0371725,Kerttulinkuja,POINT (25.037202 60.188834)
1434179,349,60.1869685,25.0358095,Killingholmankuja,POINT (25.035663 60.186889)
1434172,350,60.187968,25.03367,Sorsavuorenkatu,POINT (25.03367 60.187968)
1433113,361,60.19232066666667,25.034768,Laivalahdenportti,POINT (25.03487 60.19352)
1434183,348,60.186854,25.030976000000003,Reginankuja,POINT (25.030746 60.18699)
1432180,351,60.201805,25.065199999999997,Kreijarinkuja,POINT (25.0658 60.20174)
1432178,353,60.20197,25.061725,Roihuvuoren kirkko,POINT (25.06185 60.20195)
1455158,503,60.20294,25.073415,Tulisuonkuja,POINT (25.07329 60.20285)
1432107,354,60.203431,25.059791333333333,Prinssintie,POINT (25.060594 60.203773)
1432126,356,60.203497,25.062618,Roihuvuoren vanhaink,POINT (25.062618 60.203497)
1432124,357,60.206237,25.062354,Ammattikoulu,POINT (25.062354 60.206237)
1432105,355,60.204896500000004,25.061792500000003,Punahilkantie,POINT (25.062643 60.20473)
1434153,359,60.19236,25.04061,Linnanrakentajantie,POINT (25.04061 60.19236)
1433166,344,60.191559999999996,25.04508,Johan Sederholmin t.,POINT (25.04492 60.19182)
1434169,360,60.19133,25.03976,Linnanrakentajantie,POINT (25.03976 60.19133)
1431141,365,60.19795,25.03163,Herttoniemen kirkko,POINT (25.03163 60.19795)
1431154,367,60.197587,25.02811,Mäenlaskijantie,POINT (25.02811 60.197587)
1431129,372,60.20603675000001,25.044629,Siiliti,POINT (25.044421 60.206496)
1420601,386,60.188769,25.007153,Kulosaari,POINT (25.007153 60.188769)
1431143,368,60.20195,25.031660000000002,Majavatie,POINT (25.03197 60.20234)
1431142,366,60.19926,25.03136,Herttoniemen kirkko,POINT (25.03136 60.19926)
1431145,375,60.204425,25.034275,Eränkävijäntori,POINT (25.03467 60.20462)
1431131,377,60.2072735,25.0403095,Kettukuja,POINT (25.041517 60.206978)
1453104,508,60.20976973333334,25.077112066666665,Itäkesku,POINT (25.0766 60.21008)
1431147,374,60.20566,25.03633,Kettutie,POINT (25.03667 60.20579)
1431151,376,60.207427,25.037170500000002,Hertton.terv.as.,POINT (25.036953 60.207202)
1420101,379,60.18561,24.99588,Hopeasalmenranta,POINT (24.99588 60.18556)
1100109,908,60.186459333333325,24.982767666666664,Kalasatam,POINT (24.98293 60.186482)
1420105,380,60.18415,25.005564999999997,Kalliokaivonmäki,POINT (25.00604 60.18404)
1420107,384,60.18356,25.012205,Lars Sonckin tie,POINT (25.01273 60.1835)
1420123,385,60.187737999999996,25.008032999999998,Kulosaari,POINT (25.007994 60.187739)
1420115,382,60.18642,24.99894,Kulosaari,POINT (24.99894 60.18642)
1420116,383,60.18756,25.00164,Kulosaari,POINT (25.00164 60.18756)
1420109,387,60.1866,25.01566,Risto Rytin tie,POINT (25.01566 60.1866)
1420112,389,60.18839,25.015173333333333,Tupasaarentie,POINT (25.01494 60.1883)
1420127,392,60.185983,25.01179,Tupavuori,POINT (25.01179 60.185983)
1100133,910,60.18797125,24.97688625,Kalasatam,POINT (24.97647 60.18831)
1420110,388,60.18561,25.01493,Risto Rytin tie,POINT (25.01493 60.18561)
1453154,394,60.213055,25.067805,Metrovarikko,POINT (25.06794 60.21346)
1453151,395,60.21598,25.063435,Kauppamyllyntie,POINT (25.06341 60.21594)
1454118,430,60.21833,25.058584500000002,Mamsellimyllynkatu,POINT (25.058152 60.218648)
1473103,396,60.23574,25.12693,Saanatunturintie,POINT (25.12657 60.23597)
1473101,398,60.2320775,25.12875,Kaunispääntie,POINT (25.12882 60.23339)
1473105,418,60.236985000000004,25.12063,Pyhätunturintie,POINT (25.11995 60.23705)
1473116,420,60.23863,25.122559,Saariselänt. palv.t.,POINT (25.122559 60.23863)
1473168,399,60.232215,25.133555,Kallvikintie,POINT (25.13321 60.2323)
1532118,607,60.2214535,25.13421466666667,Kallvikintie,POINT (25.133173 60.220471)
1600201,1167,60.2431,25.14191,Westerkulla,POINT (25.14191 60.2431)
1473111,400,60.229345,25.13385,Fallpakankuja,POINT (25.13386 60.22977)
1541149,602,60.22464,25.13834,Neitsytsaarentie,POINT (25.1384 60.22453)
1454111,402,60.224914999999996,25.07913,Liikuntamylly,POINT (25.07936 60.225)
1454116,408,60.221145,25.08171,Kukkaniityntie,POINT (25.08186 60.22127)
1454100,470,60.22814657142857,25.072294428571432,Kurkimäki,POINT (25.071988 60.228233)
1454110,403,60.224793399999996,25.0762814,Myllypuron terv.as.,POINT (25.076062 60.225707)
1454115,404,60.223577,25.082731000000003,Lallukankuja,POINT (25.082989 60.223549)
1454123,409,60.22148,25.07873,Alakiventie 5,POINT (25.07862 60.22169)
1471109,458,60.23612844444444,25.082248777777778,Kontul,POINT (25.08146 60.23621)
1454109,549,60.222925,25.069883,Yläkiventie,POINT (25.069883 60.222925)
1471164,406,60.225494,25.083088,Karjatanhuanpolku,POINT (25.083088 60.225494)
1471123,405,60.227000000000004,25.084159999999997,Häyhäntie,POINT (25.08458 60.22723)
1471114,407,60.224607,25.084945,Lallukantie,POINT (25.084945 60.224607)
1471125,437,60.22981,25.08912,Humikkalankuja,POINT (25.08912 60.22981)
1471129,475,60.229659999999996,25.09953,Linnanherrantie,POINT (25.09946 60.22999)
1453109,492,60.217635,25.083645,Arhotie,POINT (25.08378 60.21775)
1451127,524,60.2209305,25.110667499999998,Itäväylä,POINT (25.110713 60.220948)
1451190,525,60.22014,25.10786,Riskutie,POINT (25.10815 60.22011)
1455164,411,60.205765,25.088715,Kissankellontie,POINT (25.08853 60.2056)
1455162,412,60.204040000000006,25.08559,Marjaniemi,POINT (25.0858 60.2043)
1455108,531,60.205801,25.09397475,Koivuniementie,POINT (25.094463 60.204917)
1455161,505,60.20354,25.07957,Puolaharju,POINT (25.07957 60.20354)
1471143,413,60.24253,25.075200000000002,Sakara,POINT (25.07526 60.24255)
1471145,415,60.245125,25.077705,Kontulankaari 11,POINT (25.07744 60.2449)
1471136,443,60.239666666666665,25.07453,Kivikonkaari,POINT (25.07401 60.23977)
1471135,416,60.24573,25.08023,Rapolantie,POINT (25.08023 60.24573)
1471147,417,60.24645,25.0829,Rapolantie,POINT (25.0829 60.24645)
1473107,486,60.236869999999996,25.11626,Siltapolku,POINT (25.11624 60.23693)
1472101,488,60.238186909090906,25.10879681818182,Mellunmäk,POINT (25.10849 60.2383)
1473114,419,60.239352,25.119588,Saariselän palvelut.,POINT (25.119588 60.239352)
1474114,421,60.231779,25.058842,Kivijatatie,POINT (25.05878 60.23164)
1474109,422,60.233448,25.056732,Kivijatapolku,POINT (25.056732 60.233448)
1474101,469,60.232997499999996,25.0625045,Kurkimäentie,POINT (25.0628 60.23361)
1454103,423,60.226926000000006,25.0540155,Hallainvuorentie,POINT (25.054034 60.226939)
1454105,424,60.228081,25.0543945,Hallainvuori,POINT (25.054394 60.228059)
1454101,428,60.2247,25.05451,Myllärintie,POINT (25.054735 60.224618)
1454131,425,60.229580999999996,25.0528695,Latokartanonsilmukka,POINT (25.052542 60.229615)
1454129,426,60.229595,25.055472,Kivikontie,POINT (25.055331 60.229685)
1474116,427,60.23120925,25.054932,Kivikontie,POINT (25.054796 60.231238)
1362102,555,60.23248575,25.0480265,Von Daehnin katu,POINT (25.048672 60.232588)
1474121,556,60.236942,25.045093,Kivikonlaita,POINT (25.045093 60.236942)
1454147,432,60.22353,25.05775,Orpaanporras,POINT (25.05775 60.22353)
1454156,429,60.220055,25.05745,Kolsintie,POINT (25.05752 60.21997)
1454149,431,60.22195,25.057855,Neulapadontie,POINT (25.05776 60.22198)
1454148,433,60.22447,25.05881,Orpaanporras,POINT (25.05881 60.22447)
1454145,472,60.227154999999996,25.06351,Myllymatkantie,POINT (25.06296 60.227)
1454106,474,60.22482,25.063323,Myllymatkantie,POINT (25.063323 60.22482)
1474105,434,60.238745,25.067275000000002,Varustuksentie,POINT (25.06735 60.23879)
1474103,435,60.237089000000005,25.06722166666667,Järkälekuja,POINT (25.06766 60.23707)
1474107,444,60.24039500000001,25.071060000000003,Linnoituksentie,POINT (25.07194 60.24025)
1471157,436,60.230745,25.085485,Naapurintie,POINT (25.0857 60.23065)
1471126,438,60.2287,25.0882,Humikkalankuja,POINT (25.0882 60.2287)
1471111,456,60.232599,25.088465499999998,Naapurinpolku,POINT (25.088397 60.232415)
1471119,463,60.23214333333333,25.080616666666668,Porttitie,POINT (25.08019 60.23294)
1471122,439,60.243549,25.0879785,Paneliantie,POINT (25.087752 60.243524)
1471151,440,60.241627,25.0863255,Leikkikuja,POINT (25.08644 60.24156)
1471108,441,60.243212,25.084866,Kontukuja,POINT (25.084866 60.243212)
1472125,447,60.2428465,25.092632000000002,Koskenhaantie,POINT (25.092677 60.242837)
1472106,448,60.2441,25.092507,Koskenhaantie,POINT (25.092507 60.2441)
1471105,450,60.238814500000004,25.0848145,Ostoskuja,POINT (25.084705 60.23883)
1471149,451,60.238965,25.086550000000003,Ostostie,POINT (25.0862 60.23947)
1471133,442,60.2381965,25.071939,Keinutie,POINT (25.071928 60.238443)
1471139,457,60.23796,25.078425,Kaarikuja,POINT (25.07866 60.23797)
1471155,445,60.23607,25.0716,Kiikku,POINT (25.0716 60.23607)
1472123,446,60.240933,25.0920395,Kekomäentie,POINT (25.092224 60.241189)
1472121,453,60.23874825,25.090073,Rekipellontie,POINT (25.089358 60.238601)
1472104,483,60.242114333333326,25.100973999999997,Vesalantie,POINT (25.100387 60.242326)
1472107,449,60.243747,25.094923,Koskenhaantie,POINT (25.094923 60.243747)
1471153,452,60.237977,25.08401,Kontulan terveysas.,POINT (25.08401 60.237977)
1471116,455,60.23749,25.09319,Kontulankuja,POINT (25.09319 60.23749)
1472197,478,60.23892,25.095875,Kiiliänkuja,POINT (25.09608 60.23892)
1472113,480,60.23717,25.098965,Tanhuantie,POINT (25.09838 60.23732)
1471161,460,60.23459,25.086745,Naapurintie,POINT (25.086745 60.23459)
1471118,459,60.23638,25.08713,Kontul,POINT (25.08713 60.23638)
1471173,462,60.23344,25.078110000000002,Keinulaudantie,POINT (25.07833 60.23353)
1471184,461,60.233352,25.0718265,Keinupolku,POINT (25.071645 60.233521)
1471171,465,60.23189325,25.07559625,Kurkiauranpolku,POINT (25.07625 60.23145)
1471120,464,60.23377,25.08125,Porttitie,POINT (25.08125 60.23377)
1471182,467,60.2329575,25.066383000000002,Veteraanikuja,POINT (25.066393 60.232998)
1471180,468,60.231215,25.06475,Kuovipolku,POINT (25.06444 60.23153)
1471177,471,60.22891,25.067615,Harmaahaikarankuja,POINT (25.06757 60.22886)
1454136,473,60.228565,25.065237,Myllytuvantie,POINT (25.065237 60.228565)
1454107,490,60.225975,25.067763,Tuulimyllyntie,POINT (25.067763 60.225975)
1472131,476,60.232985,25.099415,Ohralantie,POINT (25.09953 60.23329)
1472105,477,60.232535,25.102188,Ohralankuja,POINT (25.102188 60.232535)
1472133,479,60.235165,25.10061,Untamalantie,POINT (25.1004 60.23512)
1472115,481,60.233329,25.104922,Lupajantie,POINT (25.104922 60.233329)
1472100,484,60.239759,25.103019,Aarteenetsijäntie,POINT (25.102835 60.23998)
1472110,482,60.240860999999995,25.1004705,Paneliantie,POINT (25.100391 60.240835)
1472128,485,60.239,25.10109,Tuukkalantie,POINT (25.10109 60.239)
1473124,487,60.2385525,25.113684499999998,Luostonkuja,POINT (25.113694 60.238533)
1473110,489,60.23737,25.11256,Pallaksentie,POINT (25.11256 60.23737)
1451181,491,60.224595,25.09747,Helytie,POINT (25.09775 60.22455)
1451179,500,60.223195000000004,25.09347,Soraharjuntie,POINT (25.09368 60.22361)
1451183,520,60.224725,25.10181,Riskutie,POINT (25.10201 60.22473)
1453122,507,60.21348,25.08321,Korsholmantie,POINT (25.08321 60.21348)
1453123,493,60.218238,25.085768,Arhotie,POINT (25.085768 60.218238)
1453103,514,60.2171175,25.089555,Orvokkitie,POINT (25.089523 60.217003)
1451123,494,60.2197025,25.114694,Muinaislinnanpolku,POINT (25.114695 60.219729)
1451116,495,60.218334999999996,25.114015000000002,Uiskotie,POINT (25.11394 60.21833)
1451109,497,60.220283,25.118178,Linnavuorentie,POINT (25.118178 60.220283)
1451114,528,60.216375,25.111060000000002,Pyötsaarenkuja,POINT (25.11116 60.21641)
1451108,496,60.218413,25.117833,Varjakanvalkama,POINT (25.117833 60.218413)
1451110,498,60.218927,25.120188,Varjakanvalkama,POINT (25.120188 60.218927)
1451125,499,60.22135,25.094275,Inkeroistentie,POINT (25.09444 60.22132)
1451175,521,60.219781999999995,25.1002875,Valkealantie,POINT (25.100155 60.219834)
1451111,501,60.218599499999996,25.0933095,Nyytorpinpolku,POINT (25.093377 60.218557)
1452112,513,60.216465,25.096615,Rantakartanontie,POINT (25.09736 60.2166)
1455129,502,60.207795000000004,25.082085,Asiakkaankatu,POINT (25.0823 60.2078)
1455109,511,60.20635,25.07659,Kauppakartanonkuja,POINT (25.07659 60.20635)
1455131,544,60.20914,25.08701,Kauppakartanonkatu,POINT (25.08738 60.20916)
1455171,509,60.20428666666667,25.07653666666667,Marjaniementie,POINT (25.07685 60.20428)
1455160,504,60.20324,25.08139,Puolaharju,POINT (25.08139 60.20324)
1455112,530,60.203269500000005,25.095098999999998,Niittyranta,POINT (25.095087 60.203288)
1453117,506,60.21170333333333,25.08098766666667,Puotinharju,POINT (25.08114 60.21156)
1453119,515,60.214725,25.08823,Vanhanlinnantie,POINT (25.08826 60.21466)
1453121,518,60.21472,25.08581,Vanhanlinnantie,POINT (25.08581 60.21472)
1455101,510,60.207535,25.07546,Itäpolku,POINT (25.0753 60.2075)
1455110,512,60.2067,25.07833,Kauppakartanonkuja,POINT (25.07833 60.2067)
1453138,517,60.21533,25.09017,Puotil,POINT (25.09017 60.21533)
1451113,522,60.21813,25.103229999999996,Karhulantie,POINT (25.10204 60.21841)
1451118,527,60.223525,25.10517,Sormuspolku,POINT (25.10517 60.223525)
1451121,523,60.220048,25.104584,Lappeentie,POINT (25.104584 60.220048)
1451119,526,60.221682,25.107668,Vartiokyläntie,POINT (25.107668 60.221682)
1451102,541,60.21482,25.1082865,Ruotsinsalmentie,POINT (25.108286 60.214802)
1451139,543,60.214920000000006,25.104210000000002,Kuutsalontie,POINT (25.10371 60.21484)
1452143,529,60.212424999999996,25.09662,Puotilan ostoskeskus,POINT (25.09675 60.21244)
1452137,538,60.213525000000004,25.099585,Leikkimäki,POINT (25.09955 60.21347)
1452133,545,60.210865,25.09239,Rusthollarinkuja,POINT (25.09252 60.21087)
1452103,533,60.208345,25.095859333333333,Meripellontie,POINT (25.095008 60.208799)
1452141,532,60.210237500000005,25.097986499999998,Klaavuntie,POINT (25.09811 60.2102)
1452169,535,60.207813,25.101287,Puotilantie,POINT (25.101287 60.207813)
1452108,539,60.2110025,25.1024405,Juorumäki,POINT (25.102749 60.211068)
1452100,536,60.208607,25.103713,Juorumäenkuja,POINT (25.103713 60.208607)
1452110,537,60.21186,25.1054545,Puotinkylän kartano,POINT (25.105433 60.211812)
1452113,540,60.213298,25.102478499999997,Puotilan leikkiniitt,POINT (25.102558 60.213303)
1451100,542,60.214281,25.106245,Puotilantie,POINT (25.106332 60.214263)
1473191,550,60.232995,25.122397,Rukatunturintie,POINT (25.122397 60.232995)
1362147,554,60.234215000000006,25.04502,Metsänhoitajankatu,POINT (25.04546 60.234)
1362151,557,60.23057,25.0436,Von Daehnin katu 14,POINT (25.0436 60.23057)
1454128,558,60.2197,25.07435,Alakiventie,POINT (25.07435 60.2197)
1548100,559,60.21917,25.172825000000003,Voimalaitokset,POINT (25.1732 60.21917)
1548104,560,60.2215,25.17535,Hansaterminaali,POINT (25.17535 60.2215)
1542137,567,60.217055,25.16438,Käärmeniementie,POINT (25.1638 60.2176)
1548108,562,60.22231,25.1734,Komentosilta,POINT (25.1734 60.22231)
1548105,561,60.22379,25.171195,Rahtarinaukio,POINT (25.17079 60.22386)
1548112,569,60.220652,25.159942,Niinilahti,POINT (25.159942 60.220652)
1543139,563,60.21264,25.1707,Majakanvartijankatu,POINT (25.17106 60.21246)
1542103,564,60.2136135,25.1679885,Satamakaari,POINT (25.16823 60.21407)
1543149,565,60.21165,25.17465,Konttialue,POINT (25.17499 60.21314)
1542102,573,60.210102,25.162402,Itäreimarintie,POINT (25.162402 60.210102)
1543141,566,60.21065,25.17753,Eteläloisto,POINT (25.17753 60.21065)
1543148,615,60.21435,25.18174,Sataman portti C,POINT (25.18174 60.21435)
1542136,568,60.221142,25.161385,Niinilahti,POINT (25.161385 60.221142)
1541130,583,60.22181,25.15238,Niinisaarentie,POINT (25.15238 60.22181)
1541186,570,60.2109175,25.124402,Rastilantie 17,POINT (25.124432 60.210867)
1541194,571,60.2120965,25.1263965,Rastilantie 11,POINT (25.12635 60.212043)
1541159,574,60.2096595,25.130254,Lokipolku,POINT (25.12993 60.209697)
1531122,609,60.21332919047619,25.13407919047619,Koukkusaarentie,POINT (25.134118 60.216697)
1542101,572,60.21077,25.163977,Itäreimarintie,POINT (25.163977 60.21077)
1541174,588,60.208223333333336,25.157563333333332,Aurinkolahti,POINT (25.15843 60.20854)
1541123,575,60.210634999999996,25.14938,Vuosaarentie,POINT (25.14971 60.21104)
1541126,584,60.213505,25.14768,Punakiventie,POINT (25.1474 60.21359)
1531102,593,60.20847529411764,25.143680764705877,Vuosaar,POINT (25.144662 60.206732)
1541176,576,60.207660000000004,25.151825000000002,Vuotie,POINT (25.15195 60.20762)
1531155,577,60.20211,25.153145000000002,G. Pauligin katu,POINT (25.15305 60.20211)
1531153,589,60.20316,25.15908,Aurinkotuulenkatu,POINT (25.15899 60.20318)
1531157,596,60.202405,25.14967,Ivan Falinin kuja,POINT (25.14968 60.20242)
1541166,578,60.20295,25.139625000000002,Vedenottamontie,POINT (25.14019 60.20297)
1531159,595,60.204088500000005,25.14577216666667,Aurinkol. puistotie,POINT (25.14703 60.20403)
1545101,1166,60.189967,25.135518,Sofia,POINT (25.135518 60.189967)
1541156,580,60.20366,25.13648,Kaivonkatsojanpuisto,POINT (25.13639 60.20388)
1541133,581,60.222486,25.149237999999997,Porslahdentie,POINT (25.15061 60.22233)
1541129,582,60.22125,25.15398,Niinisaarentie,POINT (25.15398 60.22125)
1532107,586,60.219756,25.145969500000003,Isonvillasaarentie,POINT (25.14541 60.220418)
1541127,585,60.216065,25.14763,Lokkisaarentie,POINT (25.14786 60.21637)
1531117,590,60.205078166666674,25.156137666666666,Sumukuja,POINT (25.156383 60.205137)
1531111,591,60.200596000000004,25.1452025,Kallahti,POINT (25.145418 60.200158)
1545103,592,60.199849,25.143384,Hiekkajaalanpolku,POINT (25.143384 60.199849)
1545106,594,60.2019875,25.1426005,Leikosaarenraitti,POINT (25.142788 60.202555)
1541185,600,60.22182,25.140423,Pohj. ostoskeskus,POINT (25.140423 60.22182)
1532115,603,60.2200275,25.1278225,Rantakiventie,POINT (25.127712 60.219952)
1532113,606,60.22065175,25.12995275,Melatie,POINT (25.12927 60.221195)
1532117,614,60.217976,25.125623,Rantakiventie,POINT (25.125623 60.217976)
1532111,604,60.2221895,25.132164000000003,Kurkimoisio,POINT (25.131903 60.222205)
1531107,605,60.218613000000005,25.129393,Merikorttitie,POINT (25.12939 60.218662)
1531109,613,60.216127,25.128913,Merikorttikuja,POINT (25.128913 60.216127)
1541118,608,60.22372,25.13634,Mustalahdentie,POINT (25.13634 60.22372)
1532101,610,60.211752,25.137133,Satamasaarentie,POINT (25.137133 60.211752)
1532100,611,60.20718,25.136948,Tyynylaavankuja,POINT (25.136948 60.20718)
1531110,612,60.212913,25.139195,Vuosaaren kirkko,POINT (25.139195 60.212913)
1454192,616,60.220467,25.064765,Myllypadontie,POINT (25.064765 60.220467)
1354100,1066,60.254996000000006,24.917685499999997,Paloheinän maja,POINT (24.917668 60.255023)
1174112,618,60.206775,24.929434999999998,Veturitie,POINT (24.92968 60.20661)
1171150,877,60.2085,24.91885,Ilmalan seisake,POINT (24.91885 60.2085)
1173132,903,60.20767,24.940579999999997,Ilmattarentie,POINT (24.9413 60.20781)
1240107,619,60.20961,24.964084999999997,Kumpula,POINT (24.96435 60.20952)
1240104,620,60.208364800000005,24.967073799999998,Intiankatu,POINT (24.96735 60.20869)
1250105,1137,60.212965,24.959115,Joukolan puisto,POINT (24.95926 60.2129)
1240106,621,60.20699,24.967438,Sumatrantie,POINT (24.967438 60.20699)
1240133,624,60.205355,24.96339,A.I. Virtasen aukio,POINT (24.96385 60.20488)
1230109,623,60.20334449999999,24.96617466666667,Kumpulan kampus,POINT (24.9673 60.20312)
1230409,622,60.20404,24.968969,Kumtähdenkenttä,POINT (24.969158 60.2041)
1230405,630,60.20700633333333,24.974682,Arabiankatu,POINT (24.974597 60.206955)
1230113,629,60.205705,24.97232,Kokkosaarenkatu,POINT (24.97209 60.20548)
1210163,884,60.198665,24.968925,Haukilahdenkatu,POINT (24.96938 60.19824)
1220105,958,60.198533399999995,24.961832400000002,Paavalinkirkko,POINT (24.96205 60.19842)
1220104,959,60.196220000000004,24.962543333333333,Vallilan varikko,POINT (24.96272 60.19551)
1270102,625,60.21284,24.978805,Annalantie,POINT (24.97844 60.21252)
1230101,626,60.210234,24.976613,Kaironkatu,POINT (24.976613 60.210234)
1270104,636,60.217158,24.981087,Tekniikan museo,POINT (24.981087 60.217158)
1230103,631,60.208175,24.974890000000002,Arabia,POINT (24.97474 60.20808)
1230102,627,60.21121,24.97757,Kaironkatu,POINT (24.97757 60.21121)
1232102,628,60.209603,24.979491,Arabianranta,POINT (24.979491 60.209603)
1230407,632,60.208016,24.978066,Arabianranta,POINT (24.978066 60.208016)
1361103,633,60.21896,24.98699,Viikinranta,POINT (24.98699 60.21896)
1270105,635,60.21658,24.97958,Tekniikan museo,POINT (24.98016 60.21611)
1351132,637,60.255857000000006,24.929964,Sysiniitty,POINT (24.930532 60.255822)
1352143,650,60.25638,24.94599,Torpparinmäentie,POINT (24.94599 60.25638)
1203409,638,60.154171500000004,24.919409,Länsiterm. T1,POINT (24.919259 60.15407)
1203405,993,60.16005849999999,24.9210575,Huutokonttori,POINT (24.920807 60.160225)
1250429,639,60.215165,24.94883,Metsolantie,POINT (24.949 60.21519)
1250103,902,60.2127894,24.9435126,Käpylänaukio,POINT (24.9439 60.21246)
1332107,640,60.23894,24.91321,Niittyluhdantie,POINT (24.91321 60.23894)
1332106,668,60.235883,24.902414999999998,Venäläinen koulu,POINT (24.90215 60.23566)
1332108,641,60.23891,24.91547,Niittyluhdantie,POINT (24.91547 60.23891)
1341120,1105,60.23953,24.92802,Muurimestarintie,POINT (24.92814 60.23948)
1341108,1107,60.24109,24.92844,Pakilantie,POINT (24.92844 60.24109)
1341109,642,60.240725,24.916203,Niittyluhdantie,POINT (24.916203 60.240725)
1341135,643,60.244077,24.916928,Suovatie,POINT (24.916928 60.244077)
1341139,869,60.245666,24.931415,Rohkatie,POINT (24.931484 60.245676)
1351125,644,60.2557455,24.9376685,Kuusmiehentie,POINT (24.937717 60.255681)
1351122,1157,60.252795,24.94063,Rakovalkeantie,POINT (24.94031 60.25289)
1352145,645,60.262325000000004,24.951405,Fallintori,POINT (24.95158 60.26233)
1352138,649,60.26032,24.95306,Viskaalintie 32,POINT (24.95306 60.26032)
1353122,646,60.25699,24.95927,Tuomarinkyläntie,POINT (24.95927 60.25699)
1352139,648,60.259275,24.95347,Asessorintie,POINT (24.95366 60.25954)
1352136,654,60.257239999999996,24.951585,Käräjätuvantie,POINT (24.95164 60.25723)
1353120,652,60.25465,24.95468,Yhdyskunnantie,POINT (24.95468 60.25465)
1352134,655,60.25608,24.949845,Sihteerintie,POINT (24.95008 60.25605)
1352144,651,60.25706,24.94409,Torpparinmäentie,POINT (24.94409 60.25706)
1352119,656,60.255037,24.94895,Kuusmiehenkaari,POINT (24.94895 60.255037)
1341103,1151,60.244235,24.946985,Sysimiehentie,POINT (24.94666 60.24432)
1463117,657,60.23393,24.862,Konalan puisto,POINT (24.862 60.23393)
1320119,826,60.2387,24.85418,Ruosilanpolku,POINT (24.85418 60.2387)
1463118,658,60.23293,24.86311,Konalan puisto,POINT (24.86311 60.23293)
1294124,867,60.227442499999995,24.87313,Marttila,POINT (24.87358 60.227)
1331108,661,60.23538,24.87,Pelimannintie 23,POINT (24.87 60.23538)
1331106,788,60.23692716666667,24.877620833333335,Klaneettitie,POINT (24.87644 60.23635)
1150128,663,60.188395,24.88935,Heikinniementie,POINT (24.88912 60.18844)
1150126,978,60.187380000000005,24.89585,Ruutikellarit,POINT (24.89573 60.18742)
1150130,664,60.18854,24.88575,Seurasaari,POINT (24.88575 60.18854)
1332109,666,60.238316499999996,24.8971545,Venäläinen koulu,POINT (24.897169 60.238753)
1332111,675,60.241344999999995,24.89425,Raitamaantie,POINT (24.89447 60.24143)
1281154,709,60.232375000000005,24.90256,Pirkkolan urheilup.,POINT (24.90275 60.2325)
1332159,667,60.23858,24.90209,Kaarelankuja,POINT (24.90236 60.23883)
1332123,678,60.243589,24.903076,Kasemattikuja,POINT (24.903067 60.243589)
1332161,679,60.24396,24.89929,Maununnevantie,POINT (24.89929 60.24445)
1294180,717,60.23453,24.892654999999998,Kantelettarentie,POINT (24.89275 60.23438)
1334188,669,60.251110999999995,24.888872,Maljatie,POINT (24.888752 60.251335)
1334190,671,60.252857,24.885282,Vakkatie,POINT (24.885282 60.252857)
1332170,805,60.248566999999994,24.893228,Perhekunnantie,POINT (24.8942 60.24874)
1304133,672,60.20922,24.867095,Ulvilantie 21,POINT (24.86682 60.2091)
1304132,674,60.20765,24.86416,Ulvilantie 19,POINT (24.86424 60.20745)
1304134,694,60.209005000000005,24.875205,Ulvilantie 27,POINT (24.8748 60.2091)
1304138,1163,60.20749,24.85745,Muusantori,POINT (24.85745 60.20749)
1304131,673,60.205635,24.863765,Ulvilantie 17,POINT (24.8638 60.20569)
1304130,682,60.203950000000006,24.869065,Porintie,POINT (24.86842 60.20412)
1332119,676,60.249075000000005,24.904725499999998,Ladonlukonpolku,POINT (24.90486 60.249034)
1332121,677,60.246366,24.905219000000002,Turvapolku,POINT (24.90539 60.24667)
1332117,802,60.2518975,24.9001795,Vannetie,POINT (24.900206 60.251884)
1332129,796,60.245395,24.892385,Kaarelantie,POINT (24.89263 60.24566)
1465103,680,60.21776,24.86884,Takomotie,POINT (24.86884 60.21776)
1462106,860,60.21974,24.86314,Talin siirt.puutarha,POINT (24.86324 60.21957)
1465112,863,60.22245,24.86279,Takkatie,POINT (24.86279 60.22245)
1465104,681,60.21694,24.87051,Takomotie,POINT (24.87051 60.21694)
1465101,711,60.215393,24.875747666666665,Valimotie,POINT (24.87448 60.21574)
1301129,695,60.20164775,24.87479425,Dosentintie,POINT (24.873697 60.202137)
1304129,705,60.2039075,24.8737875,Ulvilantie 11,POINT (24.873805 60.203905)
1150111,683,60.19323000000001,24.8948325,Meilahdentie,POINT (24.89467 60.19352)
1150113,684,60.194605,24.891585,Paciuksenkaari,POINT (24.8907 60.19522)
1301148,701,60.19675625,24.883074500000003,Munkkin. puistotie,POINT (24.88267 60.197065)
1301123,703,60.19735,24.88474,Munkkiniemen aukio,POINT (24.88474 60.19735)
1150117,970,60.191354000000004,24.901798,Mäntytie,POINT (24.902306 60.191258)
1150433,972,60.191265,24.905504999999998,Meilahden sairaala,POINT (24.90543 60.19128)
1150109,973,60.19094249999999,24.9078325,Haartmaninkatu,POINT (24.90781 60.19067)
1301122,702,60.19589583333334,24.88528033333333,Munkkiniemen aukio,POINT (24.886202 60.196005)
1301109,685,60.201854999999995,24.85877,Munkkin. uimaranta,POINT (24.858765 60.201913)
1301104,688,60.19991816666667,24.8639245,Apajapolku,POINT (24.863685 60.200228)
1301131,686,60.19320425,24.87697525,Kalastajatorpantie,POINT (24.876357 60.193566)
1301101,692,60.197547,24.867328,Nuottapolku,POINT (24.867328 60.197547)
1301105,689,60.19558825,24.8733975,Tiilimäki,POINT (24.874118 60.19657)
1301135,691,60.197632999999996,24.870847,Tiilipolku,POINT (24.871448 60.197189)
1301103,696,60.19842033333333,24.87695666666666,Laajalahden aukio,POINT (24.876563 60.197903)
1301142,690,60.195112,24.870582,Laajalahdentie,POINT (24.870582 60.195112)
1301106,693,60.19884,24.86811,Nuottapolku,POINT (24.86811 60.19884)
1304103,706,60.206141200000005,24.879077400000007,Munkkivuoren ostosk.,POINT (24.877998 60.205457)
1301112,697,60.200064,24.88368175,Rakuunantie,POINT (24.883186 60.200773)
1301158,698,60.202385,24.88187,Niemenmäki,POINT (24.88185 60.20188)
1301160,704,60.198389,24.885561,Rakuunantie 8,POINT (24.885561 60.198389)
1304102,707,60.204227,24.878127,Raumantie,POINT (24.878127 60.204227)
1304128,708,60.204069,24.876212,Raumantie,POINT (24.876212 60.204069)
1291138,710,60.210625,24.8807,Kultareuna,POINT (24.8809 60.21059)
1291121,755,60.208325,24.88531,Ansaritie,POINT (24.88484 60.20828)
1281160,720,60.228033,24.906550000000003,Hämeenlinnanväylä,POINT (24.906365 60.227698)
1465177,713,60.213022,24.879553,Vanha viertotie,POINT (24.879553 60.213022)
1291117,734,60.214690000000004,24.88684,Vihdintie,POINT (24.88657 60.21463)
1291198,762,60.210477499999996,24.8854735,Kangaspellontie,POINT (24.885147 60.210445)
1291119,765,60.21027177777777,24.890471555555553,Talontie,POINT (24.888297 60.209999)
1465146,853,60.218895,24.87857,Valimotie 15,POINT (24.87877 60.21857)
1465143,712,60.21437,24.8791,Höyläämötie,POINT (24.8791 60.21437)
1293123,714,60.22441833333334,24.898058333333335,Eliel Saarisen tie,POINT (24.89852 60.22424)
1293103,716,60.2256335,24.8952795,Thalianaukio,POINT (24.895316 60.225537)
1293162,719,60.226839999999996,24.902705,Teuvo Pakkalan tie,POINT (24.90237 60.22686)
1291127,743,60.218494500000006,24.893011750000003,Huopalahden asema,POINT (24.892838 60.218752)
1293126,748,60.221395,24.902790000000003,Haagan ammattikoulu,POINT (24.90292 60.22157)
1293105,715,60.225267,24.891982499999997,Ohjaajantie,POINT (24.89203 60.225235)
1293107,730,60.226569,24.8877005,Ohjaajantie,POINT (24.887637 60.226617)
1293113,727,60.22897371428571,24.894523285714286,Näyttelijäntie,POINT (24.894627 60.228064)
1293120,732,60.230133,24.899283,Ida Aalbergin tie,POINT (24.899283 60.230133)
1293136,718,60.23271149999999,24.88873875,Näyttelijäntie,POINT (24.889442 60.232533)
1294139,724,60.23071,24.88192,Lassila,POINT (24.8821 60.23079)
1293134,725,60.2312,24.89235,Näyttelijäntie 22,POINT (24.89199 60.23137)
1331102,780,60.23771,24.888025,Pelimannintie,POINT (24.8882 60.23774)
1331114,781,60.237424,24.890818,Pelikuja,POINT (24.890818 60.237424)
1293121,733,60.22898,24.901535,Teuvo Pakkalan tie,POINT (24.901535 60.22898)
1293100,749,60.2233992,24.905437600000003,Haagan terveysasema,POINT (24.904608 60.222307)
1293151,750,60.218995,24.908479999999997,Metsäläntie,POINT (24.90824 60.21912)
1281112,1081,60.23079,24.91973,Pirkkola,POINT (24.91943 60.23075)
1281115,1082,60.230045000000004,24.917005,Pirkkolan urheilup.,POINT (24.91637 60.22997)
1294103,721,60.2326415,24.883056000000003,Laurinmäenkuja,POINT (24.883469 60.232546)
1294105,782,60.2324885,24.877374500000002,Niittykulmantie,POINT (24.877616 60.232475)
1294101,722,60.229014,24.885060666666664,Killinkipolku,POINT (24.884949 60.229233)
1294140,723,60.230191500000004,24.883332000000003,Pohjois-Haagan asema,POINT (24.88322 60.23009)
1331100,793,60.239435,24.877820999999997,Kannelmäen terv.as.,POINT (24.878825 60.23927)
1294142,866,60.22841,24.876875,Vaakatie,POINT (24.87667 60.22844)
1293111,726,60.2281525,24.891966,Pastori Jussilainen,POINT (24.891918 60.228125)
1293109,731,60.2279635,24.889114,Tolarintie,POINT (24.889558 60.22794)
1293117,728,60.229512,24.890307,Adolf Lindforsin tie,POINT (24.890307 60.229512)
1293118,729,60.230265,24.888827,Adolf Lindforsin tie,POINT (24.888827 60.230265)
1291100,741,60.217364333333336,24.888056666666667,Riistavuorenkuja,POINT (24.88758 60.217243)
1291180,735,60.2154525,24.883764,Karvaamokuja,POINT (24.88415 60.21517)
1291182,854,60.21988,24.88124,Valimokuja,POINT (24.88124 60.21988)
1160111,736,60.202625,24.90473,Kiskontie,POINT (24.90502 60.2026)
1160105,760,60.20352666666667,24.89922783333333,Ruskeasuo,POINT (24.89932 60.20414)
1160113,737,60.20294,24.9079,Invalidisäätiö,POINT (24.9079 60.20294)
1291401,738,60.2053945,24.892509,Haapalahdenkatu,POINT (24.89235 60.205452)
1160403,759,60.2040735,24.8956715,Kytösuontie,POINT (24.89576 60.20413)
1291114,739,60.218981,24.886943000000002,Riistavuorenkuja,POINT (24.886913 60.218612)
1291172,740,60.2197645,24.8944755,Eliel Saarisen tie,POINT (24.894778 60.219671)
1291174,744,60.220608,24.891903,Laajasuon puisto,POINT (24.891903 60.220608)
1291170,745,60.219692499999994,24.8985475,Mäkipellontie,POINT (24.898517 60.21966)
1291106,757,60.21577219999999,24.898483000000002,Palokaivon aukio,POINT (24.89828 60.21582)
1291112,742,60.217510000000004,24.890704999999997,Angervotie,POINT (24.89051 60.21766)
1291110,756,60.21628,24.89392,Haagan urheilukenttä,POINT (24.89437 60.21632)
1291152,763,60.2128785,24.893771,Kylänevantie,POINT (24.893704 60.212695)
1465501,852,60.222076,24.875979,Valimo,POINT (24.87597 60.222076)
1171151,876,60.20780499999999,24.921044400000007,Ilmalan seisake,POINT (24.92075 60.20785)
1173105,929,60.19934933333334,24.933823000000004,Pasilan asema,POINT (24.93461 60.19942)
1291125,747,60.21965,24.90171,Mäkipellon aukio,POINT (24.90171 60.21965)
1291123,746,60.218382999999996,24.90003075,Tunnelitie,POINT (24.89964 60.21762)
1291107,758,60.214265,24.899032,Palokaivon aukio,POINT (24.899032 60.214265)
1291165,768,60.2175505,24.902982,Oskelantie,POINT (24.902964 60.21756)
1291176,751,60.220425000000006,24.904875,Metsäläntie,POINT (24.90473 60.22041)
1293156,752,60.220495,24.907105,Metsäläntie,POINT (24.9071 60.22082)
1292145,771,60.21111,24.90026,Kivihaka,POINT (24.90026 60.21111)
1286179,1074,60.220845,24.929045000000002,Autokuljetuskeskus 2,POINT (24.92997 60.2208)
1291148,769,60.216294999999995,24.90549025,Laajasuontie,POINT (24.90568 60.21565)
1293150,753,60.22025,24.90961,Metsäläntie,POINT (24.90961 60.22025)
1291126,764,60.208635,24.889225,Korppaantie,POINT (24.88968 60.2087)
1291161,772,60.2144735,24.903367000000003,Matkamiehentie,POINT (24.903331 60.214487)
1291101,770,60.21239425,24.89862175,Haagan tori,POINT (24.898984 60.212498)
1160118,775,60.2079815,24.901496,Ruskeasuon varikko,POINT (24.900612 60.207853)
1291144,776,60.208778,24.899522,Ruskeasuon varikko,POINT (24.899522 60.208778)
1291167,777,60.20825,24.89767,Ruskeasuon varikko,POINT (24.89767 60.20825)
1160101,967,60.1981994,24.901322,Tilkka,POINT (24.90154 60.19789)
1291102,761,60.20973,24.89577,Haagan paloasema,POINT (24.89578 60.20967)
1160109,778,60.206997,24.898935,Ruskeasuon varikko,POINT (24.898935 60.206997)
1291142,767,60.209342,24.89309,Haagan paloasema,POINT (24.89309 60.209342)
1291147,774,60.211821500000006,24.903275500000003,Kivihaka,POINT (24.90247 60.21282)
1292101,773,60.209502,24.903684,Kivihaankuja,POINT (24.903798 60.209607)
1292123,779,60.208,24.90581,Kivihaka,POINT (24.90581 60.208)
1171104,874,60.20792,24.915284999999997,Ilmalanrinne,POINT (24.91521 60.20791)
1331104,785,60.23819,24.88304,Kaustisentie,POINT (24.88278 60.23819)
1294107,784,60.23227,24.872952,Niitynperäntie,POINT (24.872952 60.23227)
1294108,783,60.231812,24.874966,Niitynperäntie,POINT (24.874966 60.231812)
1331140,792,60.23892,24.874905,Kanneltalo,POINT (24.87507 60.23876)
1331120,789,60.241985,24.87902,Kanneltie 8,POINT (24.87913 60.2418)
1331146,790,60.2419,24.876305000000002,Soittajankuja,POINT (24.87657 60.2421)
1331121,794,60.242235,24.88522,Kannelmäen ostosk.,POINT (24.88495 60.24193)
1331113,809,60.243568,24.872272,Urkupillintie,POINT (24.872272 60.243568)
1331156,791,60.24031,24.873343333333334,Kannelmäen asema,POINT (24.87316 60.2408)
1331168,795,60.244020000000006,24.88807,Pajupillintie,POINT (24.8884 60.24412)
1331124,806,60.245015,24.882545,Vanhaistentie 11,POINT (24.88233 60.24517)
1332163,799,60.24515,24.89424,Kaarelantie,POINT (24.89424 60.24515)
1334174,800,60.253765,24.897235000000002,Kuopuksentie,POINT (24.89732 60.25404)
1332172,803,60.25107,24.896729999999998,Esikoisentie,POINT (24.89707 60.25131)
1332115,801,60.249795000000006,24.898542499999998,Juoksuhaudantie,POINT (24.898561 60.249813)
1334115,804,60.247820000000004,24.889515,Keriharju,POINT (24.88898 60.24783)
1331117,807,60.246700000000004,24.884845,Runonlaulajantie,POINT (24.8842 60.24651)
1331192,868,60.246838,24.878865,Kannelkoti,POINT (24.878865 60.246838)
1334183,808,60.25638,24.89763,Serkustentie,POINT (24.89763 60.25638)
1320111,840,60.244274,24.84646,Hankasuontie,POINT (24.8467 60.24432)
1320115,811,60.24876,24.8385,Hankasuontie 12,POINT (24.8385 60.24876)
1320112,812,60.24723,24.84324,Hankasuontie 5,POINT (24.84315 60.24735)
1320131,813,60.243759499999996,24.839795000000002,Vitsastie,POINT (24.839647 60.243767)
1320191,814,60.245527,24.83805,Riukukuja,POINT (24.83805 60.245527)
1320134,828,60.2387195,24.8495925,Soodakuja,POINT (24.849787 60.238698)
1333135,815,60.241640000000004,24.85962,Renginpolku,POINT (24.86011 60.2417)
1333150,816,60.2439875,24.8644275,Puustellinpolku,POINT (24.86397 60.24376)
1333133,844,60.2431,24.854529999999997,Viljelijänkuja,POINT (24.85485 60.24283)
1333152,838,60.247665,24.86399,Malminkartanon as.,POINT (24.86433 60.24798)
1463103,817,60.225992,24.843439500000002,Kyläkirkko,POINT (24.843539 60.225984)
1463105,818,60.224147,24.841875,Taavinkuja,POINT (24.841875 60.224147)
1463101,820,60.225605,24.847825,Knuutintie,POINT (24.84836 60.22546)
1463106,819,60.222702,24.842162,Kotikallio,POINT (24.842162 60.222702)
1463113,858,60.224365,24.857935,Pitäjänmäen asema,POINT (24.85743 60.22448)
1320287,824,60.234665,24.841405,Sotilaspellontie,POINT (24.8416 60.23465)
1320126,822,60.2354665,24.850772,Tähkätie,POINT (24.850975 60.235462)
1320105,829,60.238220333333324,24.846335,Riihipellontie,POINT (24.84672 60.23761)
1320124,830,60.234533,24.853593,Konalan puisto,POINT (24.853478 60.234503)
1463180,823,60.22884,24.848869999999998,Kokkokallio,POINT (24.84913 60.2288)
1320101,834,60.2327525,24.84581,Vähäntuvantie,POINT (24.84661 60.23253)
1463115,856,60.226744999999994,24.85362,Jännetie,POINT (24.85318 60.22716)
1320129,825,60.237018,24.8424745,Riihipellontie,POINT (24.842731 60.237466)
1320120,827,60.239267,24.852589,Ruosilanpolku,POINT (24.852589 60.239267)
1320103,831,60.23535,24.84678,Tähkätie,POINT (24.84705 60.23558)
1320108,839,60.241555000000005,24.842835,Ristipellontie,POINT (24.84299 60.2415)
1320117,832,60.232926500000005,24.8498915,Vuorikummuntie,POINT (24.850635 60.232967)
1333180,849,60.25017,24.853855000000003,Pihkatie,POINT (24.85415 60.25018)
1333177,843,60.24767,24.85723,Puustellintie,POINT (24.85723 60.24767)
1333178,837,60.249485,24.865740000000002,Kartanonkaari,POINT (24.86572 60.24943)
1333102,845,60.246616,24.8522575,Naapuripellontie,POINT (24.852127 60.246671)
1333148,846,60.2445,24.85189,Vuokraajankuja,POINT (24.85189 60.2445)
1333176,842,60.24805,24.8595,Puustellintie,POINT (24.8595 60.24805)
1333184,848,60.24868,24.854695,Jälsitie,POINT (24.854758 60.248666)
1333149,847,60.24522,24.85092,Vuokraajankuja,POINT (24.85092 60.24522)
1294121,850,60.224819999999994,24.87739,Vihdintien silta,POINT (24.87707 60.22517)
1291183,855,60.21865,24.8815,Valimokuja,POINT (24.8815 60.21865)
1461100,857,60.21860325,24.85636325,Poutamäentie,POINT (24.856695 60.217582)
1461107,861,60.219475,24.860500000000002,Pajamäentie,POINT (24.86042 60.21949)
1465111,862,60.22108,24.86157,Takkatie,POINT (24.86157 60.22108)
1465133,864,60.22508333333334,24.868286666666666,Meijeritie,POINT (24.86806 60.22509)
1464135,865,60.22389,24.86523,Atomitie,POINT (24.86523 60.22389)
1341143,1154,60.246298499999995,24.938288999999997,Palosuontie,POINT (24.93838 60.246229)
1286160,870,60.218755,24.922965,Autokuljetuskeskus 1,POINT (24.92282 60.2187)
1172145,871,60.216625,24.918305,Posti 2,POINT (24.91878 60.21683)
1172143,872,60.21316,24.91716,Posti 1,POINT (24.91755 60.21345)
1172114,875,60.210229999999996,24.917315000000002,Ilmalan bussivarikko,POINT (24.91711 60.21037)
1171152,873,60.1963775,24.928212499999997,Palkkatilanportti,POINT (24.92898 60.19662)
1171120,900,60.19264571428572,24.929771428571428,Eläintarha,POINT (24.93084 60.19249)
1173104,927,60.19850225,24.937642,Pasilan asema,POINT (24.937373 60.1983)
1171121,878,60.2059725,24.918660000000003,Ilmalantori,POINT (24.91852 60.205915)
1171126,880,60.203476,24.9190265,Tv-keskus,POINT (24.918633 60.203862)
1171124,879,60.202335000000005,24.92172,Radiokatu,POINT (24.92193 60.20241)
1171130,881,60.20273,24.924970000000002,Iso Paja,POINT (24.92483 60.20279)
1171154,882,60.201235,24.926645,Kyllikinportti,POINT (24.92665 60.20136)
1173127,930,60.197345,24.93545,Teollisuuskatu,POINT (24.93584 60.19699)
1171405,883,60.199283750000006,24.925345,Maistraatintori,POINT (24.9252 60.19886)
1210110,885,60.19563,24.97408,Sörnäistenkatu,POINT (24.97448 60.19523)
1100167,886,60.1920425,24.9777585,Agroksenkuja,POINT (24.978412 60.192116)
1100106,911,60.189055999999994,24.973837,Kalasatama,POINT (24.974432 60.189274)
1100168,887,60.19358,24.97782,Agroksenkuja,POINT (24.97782 60.19358)
1203415,888,60.158845,24.9151665,Välimerenkatu,POINT (24.91513 60.158836)
1203401,889,60.1593,24.909325000000003,Crusellinsilta,POINT (24.90949 60.15914)
1201139,994,60.163055,24.907867500000002,Länsisatamankatu,POINT (24.90771 60.16346)
1204115,891,60.1503,24.928150000000002,Pihlajasaarenkatu,POINT (24.92841 60.15045)
1204101,892,60.14848,24.923810000000003,Hernesaaren laituri,POINT (24.92338 60.14828)
1204113,1004,60.152525,24.93024,Henry Fordin katu,POINT (24.93034 60.15253)
1080405,893,60.166785,24.964855,Kauppiaankatu,POINT (24.96486 60.16676)
1080403,894,60.167415000000005,24.96236,Tove Janssonin p.,POINT (24.96286 60.1674)
1080407,895,60.1658625,24.968700000000002,Vyökatu,POINT (24.96915 60.16611)
1010102,1052,60.16927249999999,24.95633,Ritarihuone,POINT (24.95667 60.16946)
1080409,896,60.16672,24.971925,Puolipäivänkatu,POINT (24.97206 60.16675)
1080413,898,60.16428,24.9697,Katajanokan term.,POINT (24.9697 60.16428)
1171122,901,60.191337499999996,24.924607499999997,Auroran sairaala,POINT (24.92554 60.19145)
1122115,916,60.192345,24.936242999999997,Karjalankatu,POINT (24.936076 60.19244)
1150101,971,60.19081807142857,24.91159057142857,Töölön tulli,POINT (24.91098 60.19064)
1140117,985,60.189123333333335,24.918448333333334,Kansaneläkelaitos,POINT (24.91707 60.18948)
1140441,986,60.18733,24.91918,Kansaneläkelaitos,POINT (24.91918 60.18733)
1140107,989,60.18425933333333,24.923821666666665,Töölön kisahalli,POINT (24.924404 60.184173)
1140106,991,60.185475,24.91525,Kirjailijan puisto,POINT (24.91579 60.18579)
1140104,992,60.1839774,24.9189314,Linnankoskenkatu,POINT (24.91764 60.184248)
1250101,905,60.210168333333336,24.944779,Koskelantie,POINT (24.94534 60.20953)
1173102,907,60.2082495,24.9450655,Koskelantie,POINT (24.94523 60.20786)
1250501,1079,60.220919666666674,24.94680716666667,Käpylä,POINT (24.947353 60.220338)
1250111,906,60.209115,24.947385,Kalervonkatu,POINT (24.94716 60.20885)
1173107,917,60.20278999999999,24.933065,Vaihdemiehenkatu,POINT (24.93323 60.20298)
1240180,904,60.206559999999996,24.947834999999998,Vähänkyröntie,POINT (24.94786 60.20663)
1240114,915,60.203845,24.950415,Kätilöopisto,POINT (24.95037 60.20398)
1250113,1131,60.211020000000005,24.952295,Olympiakylä,POINT (24.95256 60.21096)
1173416,934,60.202839250000004,24.945861750000002,Pyöräilystadion,POINT (24.94535 60.2031)
1173111,935,60.20078639999999,24.9450814,Pyöräilystadion,POINT (24.94455 60.20099)
1100105,913,60.18798,24.969384999999996,Suvilahti,POINT (24.96915 60.18688)
1100121,909,60.185319,24.966731,Suvilahti,POINT (24.967056 60.185432)
1100119,912,60.189139,24.971190999999997,Tynnyrintekijänkatu,POINT (24.971152 60.189218)
1100102,953,60.182225,24.96195,Hanasaari,POINT (24.96208 60.18206)
1113131,923,60.187810142857145,24.962479000000002,Sörnäine,POINT (24.9612 60.18685)
1220119,922,60.18989833333333,24.9636,Junatie,POINT (24.96309 60.18964)
1100124,914,60.18445,24.979383,Junonkatu,POINT (24.979383 60.18445)
1122113,918,60.191205,24.940804999999997,Linnanmäki (pohj.),POINT (24.9406 60.19124)
1121111,949,60.18989,24.94689285714286,Brahenkatu,POINT (24.948 60.18938)
1220110,919,60.1920844,24.9612956,Vallilan kirjasto,POINT (24.96136 60.19226)
1220103,962,60.1955325,24.954862499999997,Hattulantie,POINT (24.95583 60.19531)
1210101,920,60.192675,24.964605,Ristikkokatu,POINT (24.9648 60.19261)
1113434,921,60.18524,24.960715,Käenkuja,POINT (24.96053 60.1849)
1100125,954,60.18255933333333,24.957200166666667,Haapaniemi,POINT (24.95813 60.18301)
1220112,960,60.191050000000004,24.955215,Päijänteentie,POINT (24.95609 60.19091)
1111112,938,60.17885237500001,24.951227999999997,Hakaniemi,POINT (24.95073 60.17932)
1112436,952,60.1862825,24.952581375,Kaarlenkatu,POINT (24.95146 60.18533)
1112126,955,60.18182,24.95482,Haapaniemi,POINT (24.95482 60.18182)
1100101,924,60.17894666666667,24.960586666666668,Merihaka,POINT (24.9605 60.17905)
1122127,926,60.19505,24.93578,Savonkatu,POINT (24.93578 60.19505)
1173434,928,60.199135,24.94007,Asemapäällikönkatu,POINT (24.94007 60.199135)
1173113,943,60.196662,24.942302666666667,Jämsänkatu,POINT (24.941768 60.19669)
1173429,931,60.20038,24.941985,Radanrakentajantie,POINT (24.94176 60.2004)
1173431,933,60.20088,24.93911,Kellosilta,POINT (24.93925 60.20108)
1173418,932,60.201345,24.936954999999998,Messukeskus,POINT (24.93713 60.20128)
1220106,957,60.19768800000001,24.949501199999997,Mäkelänrinne,POINT (24.94984 60.19773)
1112104,936,60.182815000000005,24.9453,Castréninkatu,POINT (24.94524 60.18287)
1111131,937,60.1812372,24.949464799999998,Kallion virastotalo,POINT (24.9498 60.180568)
1112152,939,60.1843,24.94143,Kuntatalo,POINT (24.94114 60.18445)
1112433,951,60.183732500000005,24.9528175,Karhupuisto,POINT (24.95233 60.18376)
1020106,1023,60.173483749999995,24.949435,Kaisaniemenpuisto,POINT (24.94914 60.17348)
1010124,1024,60.174040000000005,24.952219999999997,Snellmaninkatu,POINT (24.95236 60.17401)
1010109,1046,60.174305000000004,24.96047,Liisanpuistikko,POINT (24.96071 60.17428)
1020457,1061,60.17170133333334,24.947470999999997,Kaisaniemenkatu,POINT (24.947617 60.171783)
1112154,941,60.185595000000006,24.94334,Wallininkatu,POINT (24.94337 60.18556)
1122132,940,60.18749,24.944065000000002,Kulttuuritalo,POINT (24.94385 60.18724)
1121446,942,60.186233,24.9414905,Linnanmäki (etelä),POINT (24.941642 60.186052)
1121117,947,60.186971666666665,24.94823333333333,Urheilutalo,POINT (24.94856 60.18703)
1140452,984,60.184321,24.931904,Kaupunginpuutarha,POINT (24.93198 60.18445)
1140196,988,60.182128375000005,24.9277555,Ooppera,POINT (24.92894 60.18216)
1220114,944,60.194672999999995,24.945268000000002,Pasilan konepaja,POINT (24.946392 60.194732)
1220430,945,60.19297,24.94374,Kotkankatu,POINT (24.94387 60.1929)
1220115,956,60.193235,24.94965,Telekatu,POINT (24.94925 60.19326)
1122400,948,60.19101766666666,24.949064333333336,Sturenkatu,POINT (24.948841 60.190835)
1121404,950,60.189364999999995,24.952375,Fleminginkatu,POINT (24.95285 60.1889)
1220101,963,60.19302,24.95382,Elimäenkatu,POINT (24.95382 60.19302)
1111146,925,60.17987,24.9576,Merihaka,POINT (24.9576 60.17987)
1220128,961,60.195496500000004,24.959077999999998,Kangasalantie,POINT (24.95916 60.19563)
1220180,964,60.19381,24.95531,Elimäenkatu,POINT (24.95531 60.19381)
1130101,965,60.175216,24.9129415,Hietakannaksentie,POINT (24.912978 60.175247)
1130181,999,60.17277,24.91106,Hietaniemi,POINT (24.91101 60.17273)
1130122,1005,60.176425,24.917485,Taivallahti,POINT (24.9181 60.17616)
1140156,966,60.180279999999996,24.916,Sibeliuksenpuisto,POINT (24.91622 60.18029)
1140165,987,60.1830485,24.91538,Rajasaarentie,POINT (24.91544 60.182917)
1130119,1011,60.170550999999996,24.92035816666667,Perhonkatu,POINT (24.92016 60.17134)
1040480,1012,60.168365,24.922673333333336,Maria,POINT (24.92115 60.16843)
1180103,968,60.195085000000006,24.902328333333333,Kuusitie,POINT (24.90303 60.1949)
1180439,969,60.193475,24.90647,Jalavatie,POINT (24.90646 60.1935)
1150145,974,60.189857,24.905548,Meilahden klinikat,POINT (24.905548 60.189857)
1130105,975,60.1745025,24.9329325,Kansallismuseo,POINT (24.93328 60.17391)
1130106,976,60.178152,24.929387999999996,Hesperian puisto,POINT (24.92917 60.17884)
1130113,1026,60.17106066666667,24.930721666666667,Pohj. Rautatiekatu,POINT (24.930898 60.170862)
1020100,1064,60.17124873684211,24.941289368421053,Rautatientori,POINT (24.943339 60.172063)
1150119,977,60.186885000000004,24.90541,Meilahden sairaala,POINT (24.90587 60.18666)
1150122,980,60.1869,24.901605,Humallahti,POINT (24.90153 60.1869)
1140113,981,60.185005000000004,24.91008,Lastenlinna,POINT (24.91015 60.18508)
1150124,979,60.186445,24.89912,Mäntyniemi,POINT (24.89917 60.18645)
1140129,982,60.181475000000006,24.920505,Töölön sairaala,POINT (24.92058 60.18153)
1140102,983,60.179571875,24.922900749999997,Töölöntori,POINT (24.92211 60.17992)
1130103,1008,60.176170000000006,24.92219,Apollonkatu,POINT (24.92213 60.17583)
1130104,1009,60.174748,24.922041,Apollonkatu,POINT (24.922041 60.174748)
1140438,990,60.18575,24.9213,Töölön halli,POINT (24.9213 60.18575)
1040155,1015,60.16213333333334,24.924021666666665,Hietalahti,POINT (24.92366 60.16192)
1201109,996,60.16507733333333,24.900545333333337,Salmisaarenranta,POINT (24.90171 60.16422)
1070113,997,60.159505333333335,24.954626,Kaivopuisto,POINT (24.95471 60.159542)
1090101,998,60.161135,24.956196499999997,Olympiaterminaali,POINT (24.95633 60.16153)
1070102,1035,60.1584915,24.9496465,Neitsytpolku,POINT (24.94946 60.1585)
1030100,1047,60.16545,24.952238,Pohj. Makasiinikatu,POINT (24.952472 60.166015)
1130187,1010,60.17129,24.91596,Väinämöisenkenttä,POINT (24.91622 60.17115)
1040133,1002,60.165795833333334,24.926815,Ruoholahdenkatu,POINT (24.9269 60.165495)
1201133,1014,60.163542500000005,24.920298,Itämerenkatu,POINT (24.919945 60.163552)
1040112,1028,60.16885820000001,24.93114933333333,Kampp,POINT (24.930978 60.168402)
1201129,1001,60.16436,24.91112,Länsiväylä,POINT (24.91112 60.16436)
1040126,1003,60.165618,24.931375,Lapinlahden puist.,POINT (24.931375 60.165618)
1040124,1042,60.16348933333333,24.934273,Bulevardi,POINT (24.934098 60.163645)
1204105,1020,60.154295,24.931488,Matalasalmenkuja,POINT (24.93129 60.15469)
1130446,1006,60.1733,24.91935,Caloniuksenkatu,POINT (24.91935 60.1734)
1130109,1007,60.171931666666666,24.924170000000004,Kauppakorkeakoulut,POINT (24.92517 60.17083)
1040481,1013,60.1673,24.9212,Maria,POINT (24.9212 60.1673)
1040153,1016,60.1618914,24.9294394,Hietalahdentori,POINT (24.92906 60.16196)
1040442,1017,60.16346,24.92768,Hietalahdenkatu,POINT (24.92768 60.16346)
1050107,1041,60.162639999999996,24.936,Iso Roobertinkatu,POINT (24.93597 60.16251)
1204107,1018,60.1557075,24.9346175,Piritankuja,POINT (24.934635 60.155685)
1050113,1031,60.158027,24.935295,Perämiehenkatu,POINT (24.93573 60.15783)
1204109,1019,60.156033,24.930365000000002,Hernesaarenkatu,POINT (24.93037 60.15611)
1204111,1030,60.157495,24.932469,Munkkisaarenkatu,POINT (24.932268 60.15744)
1050108,1021,60.160924666666666,24.941523,Viiskulma,POINT (24.941349 60.161274)
1050112,1037,60.15794250000001,24.941203166666668,Tehtaanpuisto,POINT (24.940139 60.157988)
1050106,1040,60.16283,24.939059999999998,Iso Roobertinkatu,POINT (24.93909 60.16288)
1050110,1022,60.16091,24.93812,Merimiehenkatu,POINT (24.93812 60.16091)
1020105,1025,60.17502,24.95049,Kaisaniemenpuisto,POINT (24.95049 60.17502)
1010421,1053,60.171994999999995,24.953305,Kansallisarkisto,POINT (24.95335 60.17216)
1010107,1054,60.174149,24.95653133333333,Meritullinkatu,POINT (24.95688 60.17418)
1040117,1027,60.1687795,24.935514,Simonkatu,POINT (24.9353 60.16875)
1040129,1029,60.17112,24.93338,Arkadian puisto,POINT (24.93338 60.17112)
1070104,1033,60.15591,24.94897,Merikatu,POINT (24.94897 60.15591)
1070105,1036,60.15751,24.94903,Neitsytpolku,POINT (24.94903 60.15751)
1070107,1039,60.15769125,24.945336750000003,Kapteeninpuistikko,POINT (24.945507 60.157425)
1070109,1038,60.15916,24.94659,Vuorimiehen puist.,POINT (24.94666 60.15925)
1070111,1044,60.16116233333333,24.946749333333333,Tarkk´ampujankatu,POINT (24.946387 60.161714)
1070106,1034,60.15559,24.94633,Meritori,POINT (24.94633 60.15559)
1040102,1059,60.16474425,24.93762575,Fredrikinkatu,POINT (24.938413 60.164687)
1050111,1060,60.16449,24.94094,Annankatu,POINT (24.94094 60.16449)
1030113,1043,60.16306,24.94571,Johanneksenkirkko,POINT (24.94539 60.16332)
1030119,1058,60.165459999999996,24.943022625,Kolmikulma,POINT (24.94405 60.16522)
1070426,1045,60.16211,24.94831,Kirurgi,POINT (24.94831 60.16211)
1030424,1048,60.167485,24.951954999999998,Kauppatori,POINT (24.95171 60.16736)
1020450,1062,60.168985,24.950145,Senaatintori,POINT (24.95046 60.16901)
1010180,1049,60.168,24.95403,Kauppatori,POINT (24.95403 60.168)
1010419,1051,60.17025,24.9535155,Hallituskatu,POINT (24.953501 60.17014)
1010103,1056,60.17127,24.95657,Kirkkokatu,POINT (24.95657 60.17127)
1010105,1055,60.172785000000005,24.956467,Vironkatu,POINT (24.956554 60.17258)
1020446,1057,60.16789,24.942218571428572,Ylioppilastalo,POINT (24.94248 60.16874)
1020448,1063,60.168915,24.946495,Aleksanterinkatu,POINT (24.94686 60.1689)
1351114,1065,60.25031,24.91988,Repovuori,POINT (24.9198 60.25068)
1351116,1067,60.25322500000001,24.918667333333335,Kivimäki,POINT (24.9188 60.25305)
1351102,1071,60.24687,24.9239,Paloheinäntie,POINT (24.9239 60.24687)
1351105,1068,60.249340000000004,24.93459,Kaskenpolttajantie,POINT (24.93492 60.24935)
1351103,1069,60.24877,24.92775,Pitkämäentie,POINT (24.92861 60.24882)
1351107,1156,60.249443750000005,24.941646749999997,Raiviontie,POINT (24.94126 60.24962)
1351101,1070,60.247835,24.923265,Paloheinäntie,POINT (24.92389 60.24797)
1341124,1085,60.244294999999994,24.92529,Elontie,POINT (24.9254 60.24426)
1284100,1072,60.226729500000005,24.95605025,Mäkitorpantie,POINT (24.9556 60.226195)
1284154,1073,60.22466,24.95201,Kylävoudintie,POINT (24.95228 60.22487)
1284167,1088,60.227555,24.950400000000002,Kustaankartano,POINT (24.95045 60.22751)
1284101,1125,60.22906928571428,24.96369842857143,Mäkitorpantie,POINT (24.963054 60.229617)
1284151,1077,60.222912,24.9483745,Oltermannintie,POINT (24.948895 60.223128)
1286134,1075,60.22189,24.933545,Niittyläntie,POINT (24.93379 60.22218)
1283132,1076,60.22101,24.937565,Vaskisepäntie,POINT (24.93707 60.22103)
1282100,1093,60.22517925,24.929911999999998,Männikkötie,POINT (24.929829 60.225264)
1283130,1080,60.221289999999996,24.942295,Tinasepäntie,POINT (24.94149 60.22153)
1250119,1078,60.219025,24.94965,Panuntie,POINT (24.94948 60.21922)
1250117,1135,60.216403333333325,24.955623333333335,Käpylän paloasema,POINT (24.95597 60.21644)
1284127,1091,60.230105,24.947535000000002,Kustaankartano,POINT (24.94776 60.23022)
1283187,1092,60.2299275,24.9432025,Käskynhaltijantie,POINT (24.94255 60.23053)
1282140,1096,60.228905,24.923544999999997,Metsäpuronkuja,POINT (24.92372 60.22883)
1281108,1099,60.234125000000006,24.926614999999998,Maunulantie,POINT (24.92612 60.23416)
1282106,1101,60.23351,24.93171,Pirjontie,POINT (24.93171 60.23351)
1284134,1083,60.233762,24.951179500000002,Hirsipadontie,POINT (24.951206 60.233756)
1284136,1086,60.2344035,24.9568505,Hirsipadonkuja,POINT (24.956845 60.234382)
1284126,1089,60.23069442857143,24.952238,Mestarintie,POINT (24.9522 60.23108)
1341116,1084,60.242554999999996,24.922321,Kamppiaistie,POINT (24.922357 60.242559)
1341105,1106,60.24161,24.926643333333335,Pakilantie,POINT (24.92653 60.24126)
1284106,1087,60.23251,24.958689000000003,Käskynhaltijantie,POINT (24.959079 60.232039)
1284122,1122,60.233900000000006,24.966459999999998,Patola,POINT (24.96508 60.23385)
1282101,1090,60.230105,24.938094999999997,Paanutie,POINT (24.93839 60.2301)
1282103,1094,60.23126179999999,24.9336802,Maunula,POINT (24.93386 60.23179)
1342198,1153,60.24586,24.94904,Muurimestarintie,POINT (24.94904 60.24586)
1282105,1097,60.2265,24.9263725,Männikkötie,POINT (24.9264 60.226509)
1282139,1098,60.22803,24.926356666666663,Vesakkotie,POINT (24.92667 60.22772)
1282144,1095,60.229746500000005,24.928835,Kuusikkotie,POINT (24.92866 60.22967)
1281105,1100,60.234475,24.93029,Pirjontie,POINT (24.92988 60.23423)
1282150,1103,60.23407,24.93797,Suursuontie,POINT (24.93797 60.23407)
1341118,1104,60.237035000000006,24.928980000000003,Alkutie,POINT (24.92894 60.23743)
1282149,1102,60.234399,24.93415,Suursuon sairaala,POINT (24.93415 60.234399)
1341126,1147,60.238695,24.934596,Päivänsalontie,POINT (24.934596 60.238695)
1341104,1152,60.24387333333333,24.944446666666668,Sysimiehentie,POINT (24.94503 60.24339)
1342115,1109,60.248625000000004,24.958190000000002,Piikintie,POINT (24.95825 60.24861)
1342113,1113,60.245655,24.95836,Koulutuvantie,POINT (24.95838 60.24581)
1284158,1110,60.237435000000005,24.963695,Siltavoudinkuja,POINT (24.96372 60.23752)
1284109,1111,60.240025,24.960765000000002,Urakkatie,POINT (24.96122 60.23981)
1342111,1112,60.24252,24.959355000000002,Etupellonpuisto,POINT (24.95924 60.24291)
1285164,1115,60.229455,24.97397,Aidasmäki,POINT (24.97434 60.22964)
1285183,1117,60.23189,24.977625,Kestikuja,POINT (24.97778 60.23209)
1285162,1129,60.226645000000005,24.97273,Veräjänkorva,POINT (24.9729 60.22654)
1285166,1118,60.23337,24.978521,Myllypellontie,POINT (24.978521 60.23337)
1284174,1119,60.23539,24.97034,Mikkolantie,POINT (24.97034 60.23539)
1284175,1120,60.23609,24.97254,Mikkolantie,POINT (24.97254 60.23609)
1284121,1126,60.23074,24.96671,Ruutanatie,POINT (24.96671 60.23074)
1284157,1123,60.23479,24.9657,Patola,POINT (24.9657 60.23479)
1284120,1127,60.23192,24.96787,Ruutanatie,POINT (24.96787 60.23192)
1285158,1128,60.22612,24.96797,Käpytie,POINT (24.96805 60.22632)
1260114,1139,60.22359,24.966115000000002,Kotoniityntie,POINT (24.96627 60.22362)
1285160,1130,60.224935,24.971465000000002,Kirkkoherrantie,POINT (24.97197 60.22494)
1250115,1136,60.212435,24.95592,Joukolan puisto,POINT (24.95648 60.21249)
1260103,1143,60.216565,24.966825,Kunnalliskodintie,POINT (24.96663 60.21668)
1250180,1133,60.21702,24.95962,Koskelan sairaala,POINT (24.9594 60.21691)
1250107,1138,60.21455,24.958685000000003,Väinölänkuja,POINT (24.95885 60.21474)
1260110,1141,60.2199,24.96197,Taivaskallio,POINT (24.96208 60.2199)
1260192,1134,60.216647,24.962482,Koskelan sairaala,POINT (24.962482 60.216647)
1260112,1140,60.222015,24.964374999999997,Jaalantie,POINT (24.96484 60.22232)
1260105,1144,60.218270000000004,24.966545,Antti Korpin tie,POINT (24.96682 60.21815)
1260108,1142,60.2197,24.96428,Koskela,POINT (24.96428 60.2197)
1260106,1145,60.21897,24.9699,Herttuanpolku,POINT (24.9699 60.21897)
1260107,1146,60.21953,24.96767,Juhana Herttuan tie,POINT (24.96767 60.21953)
1341128,1149,60.239715000000004,24.943375000000003,Jakokunnantie,POINT (24.94366 60.23973)
1341127,1148,60.23903,24.93725,Päivänsalontie,POINT (24.93725 60.23903)
1341137,1150,60.242025,24.94502,Jakokunnantie 23,POINT (24.94512 60.24206)
1341132,1155,60.24696333333333,24.943076333333334,Ripusuontie,POINT (24.94325 60.2466)
1351123,1158,60.25147,24.94151,Tervastie,POINT (24.94151 60.25147)
1351112,1159,60.24888,24.94679,Saramäentie,POINT (24.94679 60.24888)
1352148,1160,60.26501,24.95544,Laamanninpuisto,POINT (24.95544 60.26501)
1353117,1161,60.25122,24.96204,Lukupolku,POINT (24.96204 60.25122)
1281110,1162,60.232525,24.909947,Pirkkolan urheilup.,POINT (24.909947 60.232525)
1301111,1165,60.204705,24.848228,Tarvo,POINT (24.848228 60.204705)
1600203,1170,60.2455825,25.151927,Vikkulla,POINT (25.151417 60.245348)
1600202,1168,60.24422,25.142975,Westerkulla,POINT (25.142975 60.24422)
1600207,1169,60.2494865,25.1639275,Talosaarentie,POINT (25.164438 60.249545)
1600205,1171,60.2470565,25.156013,Vikkulla 2,POINT (25.155558 60.246743)
1600209,1172,60.251682,25.176211,Östersundom,POINT (25.176211 60.251682)
1600211,1175,60.253477,25.185895,Östersundom 2,POINT (25.185895 60.253477)
1601140,1177,60.249382,25.187215,Östersund. kappeli,POINT (25.187215 60.249382)
1600210,1173,60.2514,25.173983,Östersundom,POINT (25.173983 60.2514)
1601130,1178,60.238345,25.186932,Talosaari,POINT (25.186932 60.238345)
1600213,1174,60.25486333333333,25.19123833333333,Karhusaarentie,POINT (25.192102 60.255158)
1600212,1176,60.253138,25.183522,Östersundom 2,POINT (25.183522 60.253138)
1601201,1179,60.2508525,25.2067685,Skutholminkaari,POINT (25.206712 60.250873)
1600215,1188,60.26055933333333,25.21029233333333,Knutersintie,POINT (25.211032 60.259785)
1601209,1180,60.250294499999995,25.214104,Reelinki,POINT (25.21374 60.250312)
1601203,1181,60.249924,25.2200025,Merikapteenintie,POINT (25.220435 60.249875)
1601207,1182,60.251478000000006,25.2262075,Pituuspiiri,POINT (25.226228 60.251412)
1601206,1183,60.252653,25.230468,Karhusaari,POINT (25.230468 60.252653)
1602109,1184,60.268693,25.197693,Landbonpolku,POINT (25.197693 60.268693)
1602110,1186,60.26958,25.19261,Karhunevantie,POINT (25.19261 60.26958)
1602111,1185,60.271778,25.194812,Miilumäentie,POINT (25.194812 60.271778)
1602102,1187,60.2708285,25.201655000000002,Landbo,POINT (25.201837 60.270892)
1602204,1193,60.265179,25.209755,Porvoonväylä,POINT (25.209755 60.265179)
1600216,1189,60.25977,25.208407,Knutersintie,POINT (25.208407 60.25977)
1600231,1192,60.260022,25.215462,Kapteenintie,POINT (25.215462 60.260022)
1602205,1194,60.282538,25.196488,Rajapysäkki,POINT (25.196488 60.282538)
1600218,1191,60.260228,25.218075,Korsnäsintie,POINT (25.218075 60.260228)
1600217,1190,60.260177,25.219923,Korsnäsintie,POINT (25.219923 60.260177)
1602101,1195,60.29232,25.240888,Puroniityntie,POINT (25.240888 60.29232)
