stop_id,mean_price
007877,0.78
007878,0.78
007879,0.639
007881,0.658
007883,0.658
007884,0.813
007885,0.814
007897,0.694
007898,0.694
007900,0.787
007913,0.392
007914,0.392
007919,0.448
007923,0.388
007924,0.375
007927,0.4
007928,0.4
007930,0.551
007931,0.553
007949,0.749
007950,0.601
007967,0.694
007968,0.419
007973,0.807
007974,0.807
007975,0.807
007976,0.807
007977,0.807
007978,0.807
007979,0.809
007980,0.682
007995,0.45
008020,0.516
008021,0.516
008022,0.516
008023,0.516
008024,0.516
008025,0.516
008026,0.516
008028,0.516
008029,0.516
008030,0.516
008036,0.564
008037,0.564
008040,0.807
008041,0.807
008047,0.432
008050,0.751
008051,0.791
008067,0.392
008087,0.804
008090,0.807
008093,0.372
008094,0.388
008095,0.371
008096,0.388
008098,0.529
008106,0.551
008109,0.378
008110,0.381
008111,0.314
008112,0.377
008113,0.377
008114,0.378
008115,0.572
008116,0.576
008119,0.381
008124,0.528
008125,0.576
008126,0.528
008127,0.576
008128,0.551
008132,0.599
008146,0.597
008147,0.606
008148,0.596
008149,0.565
008152,0.632
008153,0.629
008155,0.545
008156,0.446
008164,0.516
008165,0.516
008168,0.391
008169,0.391
008170,0.135
008206,0.595
008209,0.6
008218,0.813
008222,0.516
008238,0.798
008239,0.634
008240,0.357
008241,0.594
008242,0.594
008243,0.446
008245,0.49
008246,0.418
008260,0.829
008261,0.83
008262,0.606
008265,0.545
008269,0.637
008270,0.637
008272,0.545
008280,
008283,0.48
008284,0.48
008286,0.554
008287,0.566
008289,0.48
008336,0.455
008337,0.455
008341,0.462
008344,0.783
008353,0.437
008379,0.472
008380,0.472
008382,0.516
008383,0.516
008399,0.377
008402,0.612
008403,0.61
008404,0.613
008405,0.613
008406,0.614
008407,0.61
008408,0.61
008409,0.618
008410,0.609
008411,0.612
008412,0.658
008426,0.48
008440,0.403
008455,0.798
008458,0.6
008459,0.6
008460,0.636
008461,0.6
008481,0.304
008490,0.405
008491,0.392
008498,0.5
008499,0.5
008500,0.422
008501,0.57
008519,0.683
008521,0.714
008535,0.454
008544,0.675
008545,0.599
008546,0.391
008559,0.752
008560,0.729
008567,0.754
008569,0.455
008575,0.404
008577,0.389
008587,0.387
008588,0.387
008589,0.5
008590,0.816
008591,0.816
008593,0.807
008605,0.683
008644,0.455
008645,0.455
008692,0.444
008694,
008697,0.564
008702,0.666
008708,0.455
008725,0.599
008731,0.806
008736,0.76
008737,0.76
008750,0.813
008754,0.377
008782,0.782
008785,0.599
008788,0.349
008789,0.532
008792,1.001
008793,0.513
008832,0.411
008841,0.48
008842,0.48
008844,0.57
008850,0.401
008863,0.433
008893,0.448
008894,0.362
008895,0.363
008896,0.363
008898,0.403
008903,0.44
008904,0.397
008910,0.488
008911,0.487
008918,0.425
008921,0.388
008922,0.386
008923,0.441
008924,0.441
008939,0.617
008943,0.56
008946,0.434
008947,0.434
008948,0.372
008949,0.377
008950,0.375
008952,0.396
008953,0.326
008954,0.326
008955,0.326
008956,0.326
008957,0.326
008958,0.326
008959,0.303
008960,0.355
008963,0.355
008967,0.332
008971,0.406
009025,0.697
009026,0.809
009039,0.736
009041,0.357
009042,0.545
009047,0.48
009072,0.448
009137,0.398
009138,0.392
009139,0.396
009140,0.392
009146,0.666
009147,0.324
009148,0.48
009153,0.652
009154,
009155,0.48
009161,0.595
009162,0.595
009163,0.595
009174,0.811
009179,0.651
009208,0.385
009220,0.807
009225,
009230,0.813
009234,0.377
009243,0.326
009289,0.433
009290,0.545
009295,0.684
009309,0.813
009311,
009312,
009314,
009315,0.392
009318,0.524
009321,0.595
009322,0.516
009337,0.392
009338,0.355
009339,0.355
009349,0.962
009351,0.962
009352,0.962
009353,0.962
009354,0.962
009355,0.962
009356,0.694
009358,0.355
009359,0.391
009365,
009373,0.446
009375,0.434
009377,0.461
009379,0.47
009381,0.439
009382,0.439
009383,0.439
009392,0.613
009393,0.613
009394,0.617
009413,0.804
009415,0.423
009420,0.698
009421,0.455
009422,0.455
009429,0.694
009430,0.694
009431,0.694
009445,0.523
009446,0.391
009447,0.391
009448,0.548
009449,0.448
009451,0.431
009452,0.431
009453,
009454,0.517
009455,0.517
009456,0.431
009457,
009458,0.431
009459,0.431
009460,0.431
009461,0.431
009462,0.563
009463,0.56
009465,0.559
009466,0.551
009467,0.535
009468,0.559
009469,0.534
009470,0.559
009471,0.521
009472,
009473,
009474,0.55
009475,0.551
009480,0.374
009481,0.595
009482,0.372
009483,0.356
009484,0.356
009485,0.378
009486,0.444
009487,0.452
009491,0.346
009492,0.387
009493,0.346
009494,0.346
009495,0.596
009498,0.543
009499,0.439
009500,0.439
009501,0.543
009503,0.479
009504,0.479
009508,0.914
009509,0.918
009510,0.914
009511,0.84
009512,0.918
009513,0.914
009514,0.922
009515,0.48
009516,0.48
009520,0.793
009521,0.827
009522,0.793
009524,0.807
009534,0.393
009536,0.48
009537,0.815
009538,0.566
009539,0.649
009540,0.839
009541,0.551
009543,0.346
009544,0.469
009546,0.431
009548,0.559
009549,0.349
009550,0.387
009551,0.388
009554,0.781
009555,0.48
009557,
009558,0.83
009563,0.61
009564,0.609
009566,
009568,0.332
009569,0.411
009570,0.807
009572,0.455
009573,0.455
009574,0.455
009575,0.455
009576,0.463
009577,0.551
009578,0.551
009581,0.918
009582,0.403
009584,0.62
009587,0.763
009588,0.804
009592,0.409
009625,0.372
009631,
009652,0.566
009659,0.48
009667,0.807
009675,
009676,0.79
009684,0.395
009685,0.395
009691,0.685
009692,0.685
009693,0.675
009698,0.85
009699,0.808
009704,0.357
009705,0.447
009706,0.45
009707,0.356
009708,0.356
009715,0.362
009716,0.362
009717,0.448
009718,0.448
009719,0.448
009728,0.348
009729,0.372
009730,0.804
009743,0.845
011313,0.391
011320,0.781
011321,0.781
011322,0.599
011495,0.801
011715,0.338
011723,0.383
011725,0.338
011726,0.448
011762,0.557
011773,0.338
016532,0.524
016725,0.436
016727,0.807
019313,0.372
019314,0.372
019316,0.356
022005,0.388
036678,0.804
038671,0.41
038673,0.41
038674,0.41
038675,0.423
038678,0.41
038680,0.41
038682,0.41
038683,0.41
038686,0.41
038687,0.409
038692,0.41
038717,0.808
038791,0.472
040525,0.38
040526,
040608,0.543
040609,0.39
040612,0.447
040761,0.405
040762,0.409
040763,0.405
040789,0.6
041071,0.621
041092,0.556
041093,0.398
041094,0.398
041095,0.39
041209,0.391
042933,0.565
042934,
043192,0.372
043193,0.372
043331,0.333
043341,0.43
043342,0.468
043343,0.842
043548,0.356
043554,0.367
043555,0.366
043556,0.367
043571,0.448
044076,0.556
044127,0.4
044135,0.48
044388,0.333
044557,0.564
044637,0.439
044638,0.394
045755,0.332
047671,0.446
048471,0.848
048505,0.808
048506,0.808
048519,0.419
049170,0.322
049171,0.323
049172,0.323
049174,
049177,1.16
049178,1.16
049180,0.888
049182,0.888
049183,0.888
049185,0.446
049892,
049893,
049894,
049895,
049896,
049897,
049898,
049900,0.656
049903,
050184,0.387
050279,0.534
056123,0.749
056124,0.749
056161,0.613
056162,0.609
056163,0.61
056165,0.663
056166,0.606
056168,0.663
056169,0.606
056170,0.641
056172,0.641
056173,0.663
056174,0.605
056187,0.605
056188,0.605
056189,0.388
061136,0.49
061188,0.694
061222,0.688
061223,0.695
061224,0.695
061225,0.694
061226,0.694
061227,0.688
061231,0.625
061232,0.788
061233,0.431
061234,0.431
061236,0.431
061237,0.45
061238,
061271,0.688
061272,0.531
061273,0.688
061274,0.694
061275,0.694
061277,0.694
061278,0.694
061280,0.694
061286,0.536
061350,0.595
061351,0.601
061368,0.598
062511,0.694
062512,0.694
062513,0.563
062514,0.563
062515,0.548
062516,0.448
062517,0.604
062518,0.736
062519,0.695
062521,0.815
062522,0.448
062607,
062608,
062620,
062621,
062622,
062726,0.431
062756,
062757,
062759,0.815
062815,0.391
062861,0.888
062942,0.663
063399,
064208,0.684
064209,0.684
064210,0.684
064212,0.684
064214,0.684
064215,0.684
064377,0.668
066434,0.566
066451,0.63
066452,0.632
066453,0.507
066454,0.63
066455,
066456,0.634
066457,0.618
066458,0.357
066459,0.618
066460,0.357
066679,0.352
066680,0.355
066681,0.419
066682,0.354
066683,0.419
066684,0.35
066685,0.419
066686,0.352
066687,0.272
066688,0.419
066697,0.419
066698,0.448
066699,0.448
066700,0.448
066711,0.388
066712,0.371
066713,0.371
066714,0.403
066715,0.388
066716,
066717,0.388
066718,
066719,0.388
066720,
066722,0.403
066828,0.734
066856,0.882
066969,0.419
067592,0.813
069089,0.827
069090,0.827
069091,0.801
069092,0.734
069093,0.842
069403,0.337
071262,0.507
071659,0.809
072851,0.804
072934,0.79
072935,0.843
073152,0.804
075220,0.597
075654,0.371
075655,0.339
075744,0.694
076394,0.645
076395,0.602
076396,0.552
076397,0.602
076398,0.602
076399,0.602
078004,0.804
078064,
081565,0.804
081950,0.551
081954,0.75
082200,0.658
082617,0.694
082623,0.43
083329,0.548
083330,0.448
083331,0.535
083777,0.551
085772,0.302
086855,0.621
086856,0.649
086857,0.632
086858,0.565
086859,0.566
086866,0.511
086874,0.397
086875,0.388
086876,0.388
086880,0.565
086885,0.649
087373,0.33
090482,0.636
090915,0.625
091120,
091338,0.67
091816,0.564
091817,0.564
091821,0.564
096830,0.528
099342,0.816
099343,0.816
099344,0.812
099629,0.694
099630,0.694
099631,0.694
099632,0.694
099634,0.694
100836,0.663
100837,0.672
100838,0.641
102283,
102568,0.428
102569,0.43
102602,0.515
102797,0.41
103897,0.475
105925,0.813
106324,0.419
106325,0.479
108188,0.357
108458,0.357
108550,0.621
109462,0.323
109565,0.367
109566,0.371
109702,0.454
CS007899,0.694
CS009703,0.545
CS050182,0.377
CS050183,0.397
CS056176,0.663
CS056230,0.783
CS056232,0.595
CS107475,0.432
CSF00062,0.812
CSF00094,0.814
CSF00097,0.841
CSF00140,0.683
CSF00185,0.811
CSF00461,0.62
CSF00471,0.617
CSF00481,0.617
CSF00483,0.62
CSF00487,0.62
CSF00511,0.662
CSF00568,0.655
CSF00579,0.684
CSF00619,0.685
CSF00625,0.685
CSF00632,0.685
CSF00678,0.609
CSF00897,0.564
CSF00913,0.564
CSF00958,0.784
CSF00960,0.78
CSF00997,0.808
CSF00999,0.736
CSF01019,0.782
CSF01025,0.809
CSF01093,0.797
CSF01096,0.792
CSF01101,0.792
CSF01108,0.815
CSF01289,0.782
CSF01415,0.357
CSF01489,0.41
CSF01820,0.516
CSF02307,0.801
CSF02481,0.813
CSF02680,0.811
CSF02684,0.691
CSF03293,0.4
CSF03409,0.4
CSF03411,0.384
CSF03414,0.43
CSF03416,0.43
CSF03417,0.43
CSF03419,0.433
CSF03421,0.4
CSF03423,0.512
CSF03425,0.507
CSF03785,0.377
CSF03788,0.377
CSF03884,0.407
CSF03930,0.409
CSF04052,0.306
CSF04150,0.364
CSF04183,0.391
CSF04272,0.381
CSF04319,0.391
CSF04369,0.378
CSF04534,0.304
CSF04540,0.303
CSF04546,0.304
CSF04548,0.392
CSL008159,0.695
CSLM1HTV,0.624
CSLM1MUV,0.624
CSLM1OKV,0.808
CSLM1OPV,0.808
CSLM1SFV,0.624
CSLM1VTV,0.808
CSLM2BLA,0.778
CSLM2OVE,0.523
CSLM2PF1,0.572
CSLM2PU2,0.567
CSLM3AHG,0.678
CSLM3LED,0.806
CSLM3NTF,0.815
CSLM3NYA,0.809
CSLM4BP1,0.807
CSLM4FT1,0.783
CSLM4KFD,0.876
CSLM4MKF,0.807
CSLM4SG1,0.783
CSLM4UK1,0.807
CSLMXKPB,0.778
F00001,
F00002,
F00003,
F00004,0.736
F00005,0.751
F00006,
F00007,
F00008,0.751
F00009,0.763
F00010,
F00011,0.763
F00012,
F00013,
F00014,0.804
F00015,0.804
F00016,0.845
F00017,0.845
F00018,0.806
F00019,0.843
F00020,0.807
F00022,0.807
F00023,0.807
F00024,0.802
F00025,0.807
F00026,0.808
F00027,0.807
F00028,0.804
F00029,0.804
F00030,0.804
F00031,0.804
F00032,0.804
F00033,0.804
F00034,0.804
F00035,0.804
F00036,0.804
F00045,
F00047,
F00048,0.815
F00051,
F00052,
F00057,0.813
F00066,0.813
F00067,0.813
F00069,0.804
F00070,0.842
F00071,0.844
F00072,0.804
F00073,0.842
F00074,
F00076,
F00077,
F00078,0.842
F00079,
F00080,0.79
F00081,
F00082,0.804
F00083,0.815
F00084,
F00085,
F00086,0.842
F00087,0.85
F00088,
F00089,0.804
F00090,0.842
F00091,0.804
F00092,0.842
F00095,0.845
F00096,0.85
F00098,0.85
F00099,
F00102,
F00103,0.843
F00104,0.815
F00105,0.79
F00106,0.79
F00107,0.843
F00108,0.876
F00110,0.815
F00111,0.815
F00113,0.79
F00114,0.842
F00119,0.677
F00120,0.684
F00121,0.677
F00122,0.684
F00123,0.677
F00124,0.823
F00125,0.807
F00126,0.677
F00127,0.677
F00128,0.677
F00129,0.731
F00130,0.731
F00131,0.675
F00132,0.675
F00133,0.675
F00135,0.657
F00136,0.675
F00137,0.683
F00138,0.675
F00141,0.802
F00142,0.74
F00143,
F00144,0.75
F00147,0.78
F00148,0.804
F00149,0.78
F00150,0.78
F00151,0.816
F00152,0.927
F00153,0.804
F00154,0.805
F00155,0.808
F00156,0.811
F00157,0.811
F00158,0.811
F00159,0.806
F00160,0.838
F00161,0.844
F00162,0.852
F00163,0.852
F00164,0.816
F00165,0.816
F00166,0.806
F00167,0.806
F00168,0.806
F00169,0.84
F00170,0.806
F00171,0.804
F00172,0.806
F00173,0.78
F00174,0.78
F00175,0.78
F00176,0.78
F00177,0.78
F00178,0.78
F00179,0.745
F00180,0.78
F00181,0.745
F00182,0.78
F00183,0.745
F00184,0.78
F00187,0.831
F00188,
F00189,0.827
F00191,0.827
F00192,0.801
F00193,0.829
F00194,0.804
F00195,
F00196,0.829
F00198,0.804
F00199,0.784
F00201,
F00202,0.829
F00203,
F00204,
F00205,
F00206,
F00207,0.848
F00208,
F00209,0.848
F00210,
F00211,0.819
F00212,
F00213,0.922
F00214,0.925
F00215,0.845
F00216,0.925
F00217,0.922
F00218,0.927
F00219,0.922
F00220,0.848
F00221,0.927
F00222,
F00223,0.848
F00224,
F00225,
F00226,
F00227,
F00228,0.848
F00229,
F00230,
F00231,
F00232,0.75
F00233,
F00234,0.827
F00235,0.827
F00236,0.827
F00237,0.827
F00239,0.734
F00240,0.8
F00241,0.66
F00242,0.838
F00243,0.662
F00244,0.734
F00245,0.675
F00246,0.734
F00247,0.734
F00248,0.734
F00249,0.796
F00250,0.675
F00251,0.807
F00252,0.734
F00253,0.807
F00254,0.734
F00255,0.807
F00256,0.734
F00257,0.823
F00258,0.807
F00259,0.83
F00260,0.807
F00261,0.83
F00262,0.823
F00264,0.83
F00265,0.823
F00266,0.83
F00267,0.83
F00268,0.817
F00269,0.83
F00270,0.817
F00271,0.816
F00272,0.83
F00273,0.83
F00278,0.846
F00279,0.847
F00280,0.924
F00281,0.918
F00282,0.928
F00283,0.914
F00284,0.914
F00285,0.793
F00286,0.914
F00287,0.811
F00288,0.918
F00289,0.811
F00292,0.925
F00293,0.922
F00294,0.922
F00295,0.922
F00296,0.854
F00297,0.842
F00298,0.843
F00299,0.922
F00300,0.925
F00301,0.805
F00302,0.843
F00303,0.804
F00304,0.804
F00305,0.804
F00307,0.804
F00308,0.804
F00310,0.833
F00311,0.829
F00312,0.829
F00313,0.834
F00314,0.834
F00315,0.855
F00316,0.807
F00317,0.855
F00318,0.807
F00319,0.855
F00320,0.836
F00321,0.756
F00322,0.756
F00323,0.855
F00324,0.829
F00325,0.856
F00326,0.829
F00327,
F00328,0.855
F00329,
F00330,0.856
F00331,
F00332,0.856
F00345,0.807
F00346,0.807
F00347,0.807
F00348,0.807
F00372,0.843
F00373,0.804
F00408,0.811
F00409,0.811
F00410,0.811
F00411,0.852
F00412,0.804
F00414,0.829
F00415,0.829
F00416,0.904
F00417,0.756
F00422,0.804
F00423,0.83
F00424,0.83
F00425,0.811
F00426,0.814
F00427,0.808
F00428,0.811
F00429,0.829
F00430,0.844
F00431,0.844
F00432,0.829
F00435,0.485
F00436,
F00437,
F00438,0.643
F00439,0.606
F00440,0.781
F00441,0.781
F00442,0.634
F00443,0.781
F00444,0.781
F00445,0.643
F00446,0.606
F00447,0.623
F00448,0.61
F00449,0.631
F00450,0.606
F00451,0.645
F00452,0.623
F00453,0.616
F00454,0.63
F00455,0.612
F00456,0.617
F00457,0.613
F00458,0.613
F00459,0.617
F00460,0.62
F00462,0.661
F00463,0.617
F00464,0.617
F00465,0.651
F00466,0.649
F00467,0.658
F00468,0.62
F00469,0.62
F00473,0.658
F00474,0.658
F00475,0.617
F00476,0.617
F00477,0.661
F00478,0.615
F00482,0.613
F00485,0.653
F00486,0.639
F00489,0.613
F00490,0.727
F00491,0.727
F00493,0.727
F00494,0.727
F00495,0.649
F00496,0.727
F00497,0.658
F00498,0.727
F00499,0.64
F00500,
F00501,
F00502,0.639
F00504,0.64
F00505,0.64
F00506,0.64
F00507,0.599
F00508,0.63
F00509,0.656
F00512,0.781
F00513,0.781
F00514,0.598
F00515,0.781
F00516,0.598
F00517,0.598
F00518,0.677
F00519,0.659
F00520,0.624
F00521,0.654
F00522,0.676
F00523,0.618
F00524,0.677
F00529,0.602
F00530,0.645
F00531,0.602
F00532,0.645
F00533,0.602
F00534,0.624
F00535,0.624
F00536,0.777
F00537,0.777
F00538,0.777
F00539,0.777
F00540,0.777
F00541,0.777
F00542,0.777
F00543,0.777
F00544,0.777
F00545,0.777
F00546,0.777
F00547,0.598
F00548,0.598
F00549,0.624
F00550,0.662
F00551,0.767
F00552,0.777
F00553,0.777
F00554,0.777
F00555,0.777
F00556,0.777
F00557,0.777
F00558,0.672
F00559,0.777
F00560,0.777
F00561,0.777
F00562,0.777
F00563,0.777
F00564,0.777
F00565,0.624
F00566,0.654
F00567,0.652
F00569,0.658
F00570,0.654
F00574,0.599
F00575,0.599
F00576,0.654
F00577,0.685
F00580,0.656
F00581,0.656
F00583,0.685
F00584,0.656
F00585,0.656
F00586,0.653
F00587,0.685
F00588,0.67
F00589,0.685
F00590,0.657
F00591,0.658
F00592,0.657
F00594,0.657
F00595,0.657
F00596,0.657
F00597,0.657
F00598,0.657
F00599,0.662
F00602,0.734
F00603,0.685
F00604,0.685
F00605,0.655
F00606,0.685
F00607,0.685
F00608,0.674
F00609,0.674
F00610,0.674
F00611,0.599
F00612,0.655
F00613,0.67
F00614,0.657
F00615,0.685
F00616,0.685
F00617,0.749
F00618,0.69
F00620,0.685
F00621,0.685
F00622,0.685
F00623,0.685
F00626,0.683
F00627,0.685
F00628,0.685
F00629,0.685
F00630,0.749
F00631,0.708
F00634,0.677
F00635,0.677
F00636,0.637
F00637,0.654
F00638,0.661
F00639,0.649
F00645,0.628
F00646,0.661
F00649,0.658
F00650,0.628
F00653,0.661
F00654,0.649
F00655,0.773
F00656,0.649
F00657,0.773
F00658,0.658
F00659,0.773
F00660,0.773
F00661,
F00662,
F00663,0.773
F00664,
F00665,
F00666,0.617
F00667,0.65
F00668,0.65
F00669,0.654
F00670,0.708
F00671,0.63
F00672,0.777
F00673,0.624
F00674,0.777
F00676,0.773
F00677,
F00679,0.624
F00680,0.672
F00681,0.69
F00682,0.658
F00683,0.727
F00684,0.657
F00685,0.654
F00688,0.674
F00690,0.63
F00691,0.415
F00692,0.415
F00693,0.564
F00697,0.455
F00698,0.455
F00699,0.417
F00700,0.414
F00701,0.479
F00702,0.564
F00703,0.414
F00704,0.564
F00705,0.463
F00706,0.412
F00707,0.402
F00708,0.48
F00709,0.48
F00710,0.48
F00711,0.402
F00712,0.48
F00713,0.48
F00714,0.48
F00715,0.48
F00717,0.48
F00718,0.48
F00720,0.48
F00721,0.48
F00722,0.48
F00723,0.48
F00724,0.48
F00725,0.48
F00726,0.487
F00727,0.403
F00728,0.48
F00729,0.488
F00730,0.403
F00731,0.403
F00732,0.48
F00733,
F00735,0.488
F00736,
F00739,0.48
F00740,0.48
F00743,
F00744,
F00746,
F00747,
F00748,0.48
F00749,0.48
F00750,0.48
F00751,0.48
F00752,0.48
F00753,0.403
F00754,0.403
F00755,0.48
F00756,0.403
F00757,0.403
F00758,0.48
F00759,
F00760,0.48
F00761,0.48
F00762,0.48
F00764,0.479
F00767,0.402
F00768,
F00769,0.564
F00770,0.402
F00771,
F00772,
F00773,0.48
F00774,0.564
F00775,0.48
F00776,0.564
F00777,0.564
F00778,0.564
F00779,0.546
F00780,
F00781,
F00782,0.564
F00783,0.564
F00784,0.564
F00785,0.564
F00786,0.564
F00787,
F00788,0.564
F00789,0.48
F00790,0.546
F00791,0.546
F00792,0.48
F00793,0.564
F00794,0.564
F00795,0.564
F00796,0.564
F00797,0.564
F00798,0.564
F00799,0.564
F00800,0.563
F00801,0.564
F00803,0.564
F00804,0.564
F00805,0.564
F00806,0.564
F00808,0.564
F00809,0.564
F00810,0.564
F00811,0.564
F00812,
F00813,0.564
F00814,0.564
F00815,0.564
F00816,0.564
F00817,0.564
F00818,0.564
F00819,0.564
F00820,0.564
F00821,0.564
F00822,0.564
F00823,0.564
F00826,0.488
F00827,
F00828,0.564
F00829,0.564
F00830,
F00831,
F00832,0.415
F00833,0.564
F00834,0.564
F00835,0.564
F00836,0.539
F00837,0.539
F00838,0.417
F00840,0.417
F00841,0.48
F00842,
F00845,0.48
F00846,0.546
F00848,0.564
F00849,0.402
F00850,0.403
F00851,0.564
F00852,0.564
F00853,0.48
F00854,0.539
F00855,0.564
F00856,0.48
F00859,0.48
F00861,0.564
F00862,0.564
F00863,0.415
F00864,0.563
F00867,0.418
F00868,0.463
F00869,0.455
F00870,0.414
F00871,0.488
F00872,0.403
F00873,0.479
F00874,0.48
F00875,0.479
F00876,0.564
F00877,0.564
F00878,0.564
F00879,0.564
F00880,0.48
F00881,0.546
F00884,
F00885,0.539
F00886,0.539
F00887,
F00888,0.417
F00889,0.563
F00890,0.415
F00891,0.563
F00892,0.415
F00893,0.564
F00894,
F00895,
F00896,0.564
F00899,0.48
F00900,0.488
F00901,0.403
F00904,0.487
F00905,
F00906,0.48
F00907,0.487
F00908,0.48
F00909,0.48
F00910,0.564
F00916,0.455
F00918,0.815
F00919,0.815
F00921,0.815
F00922,0.815
F00923,0.815
F00924,
F00925,0.839
F00926,0.759
F00929,
F00930,0.767
F00931,0.782
F00932,0.763
F00933,0.809
F00935,0.805
F00938,0.782
F00939,0.697
F00940,0.74
F00941,0.813
F00942,0.809
F00943,0.813
F00944,0.808
F00945,0.808
F00950,0.813
F00951,0.815
F00966,0.815
F00967,0.734
F00968,0.813
F00969,0.779
F00970,0.814
F00971,0.816
F00972,0.816
F00973,0.815
F00974,0.798
F00975,0.815
F00976,0.815
F00979,0.813
F00980,0.815
F00981,0.815
F00982,0.815
F00983,0.815
F00985,0.813
F00986,0.814
F00990,0.764
F00991,0.782
F01000,0.815
F01004,0.815
F01005,0.815
F01006,0.815
F01007,0.815
F01010,0.815
F01011,0.815
F01012,0.782
F01013,0.781
F01014,0.782
F01015,0.781
F01016,0.782
F01017,0.782
F01020,0.769
F01021,0.782
F01022,0.814
F01023,0.809
F01028,0.809
F01029,0.809
F01030,0.736
F01031,0.809
F01032,0.697
F01033,0.809
F01034,0.697
F01035,0.7
F01036,0.682
F01037,0.697
F01040,0.682
F01041,0.682
F01042,0.736
F01043,0.663
F01044,0.636
F01045,0.682
F01046,0.636
F01047,0.636
F01048,0.604
F01051,0.631
F01054,0.624
F01055,0.609
F01056,0.624
F01057,0.674
F01058,0.67
F01059,0.724
F01060,0.656
F01061,0.763
F01062,0.763
F01066,0.736
F01067,0.736
F01068,
F01069,0.736
F01070,0.736
F01071,0.736
F01072,0.736
F01073,0.656
F01074,
F01075,0.808
F01076,0.808
F01077,0.808
F01078,0.808
F01081,0.809
F01082,0.805
F01088,0.809
F01089,0.809
F01090,0.682
F01091,0.736
F01094,0.682
F01097,0.682
F01098,0.663
F01099,0.682
F01104,0.682
F01105,0.676
F01106,0.736
F01107,
F01109,
F01110,0.782
F01111,0.7
F01112,0.605
F01115,0.697
F01116,0.782
F01117,0.598
F01118,
F01119,0.682
F01120,0.682
F01121,0.604
F01122,0.663
F01123,
F01124,0.636
F01125,0.636
F01126,0.636
F01127,0.636
F01128,
F01129,0.636
F01130,0.604
F01131,0.636
F01134,0.604
F01135,0.636
F01136,0.636
F01137,0.656
F01138,0.601
F01139,0.604
F01140,0.604
F01141,0.604
F01142,0.604
F01143,0.598
F01144,0.604
F01145,0.604
F01146,0.603
F01149,0.604
F01150,0.604
F01151,0.604
F01159,0.601
F01160,0.595
F01161,0.782
F01162,0.598
F01163,
F01164,0.782
F01165,0.782
F01166,0.782
F01168,0.781
F01169,0.782
F01170,0.782
F01171,0.782
F01172,0.604
F01173,
F01174,0.596
F01175,0.815
F01176,0.596
F01177,0.513
F01180,0.564
F01181,0.564
F01182,0.595
F01183,0.595
F01184,0.42
F01185,
F01186,0.515
F01187,0.515
F01191,0.792
F01192,0.623
F01194,0.792
F01197,0.792
F01199,0.598
F01200,0.605
F01201,0.598
F01204,0.792
F01205,0.596
F01207,0.596
F01208,0.515
F01209,0.513
F01210,0.42
F01211,0.572
F01212,0.62
F01213,0.512
F01214,0.42
F01215,0.598
F01218,0.564
F01219,0.564
F01220,0.583
F01221,0.515
F01222,0.533
F01223,0.515
F01224,0.564
F01225,0.514
F01226,0.637
F01227,0.637
F01228,
F01229,
F01234,0.792
F01235,0.621
F01236,0.549
F01237,
F01240,0.637
F01241,0.637
F01245,0.621
F01246,0.621
F01248,0.621
F01249,0.621
F01250,0.595
F01251,0.595
F01258,0.637
F01260,0.443
F01263,0.563
F01264,0.564
F01265,0.563
F01266,0.563
F01267,0.563
F01270,0.563
F01271,0.603
F01274,0.565
F01275,0.566
F01278,0.42
F01279,0.42
F01280,0.42
F01281,0.42
F01286,0.564
F01294,0.42
F01296,0.42
F01298,0.42
F01300,0.461
F01301,0.42
F01302,0.42
F01303,0.558
F01309,0.598
F01310,0.598
F01311,0.595
F01314,0.595
F01316,0.599
F01317,0.599
F01319,0.599
F01321,0.599
F01322,0.587
F01323,0.599
F01328,0.603
F01329,0.566
F01330,0.514
F01331,0.42
F01332,0.62
F01333,0.637
F01334,0.513
F01337,
F01339,
F01340,
F01341,0.353
F01342,
F01343,0.815
F01345,
F01346,0.391
F01349,0.382
F01350,0.353
F01351,0.357
F01352,0.367
F01355,0.357
F01356,0.545
F01357,0.378
F01358,0.38
F01359,0.357
F01360,0.558
F01363,0.57
F01364,0.57
F01365,0.5
F01366,0.516
F01367,0.472
F01368,0.549
F01369,0.5
F01370,0.392
F01371,0.387
F01373,0.763
F01374,0.391
F01376,0.391
F01378,0.556
F01379,0.792
F01380,0.792
F01381,0.792
F01382,
F01384,0.357
F01386,0.357
F01387,0.357
F01388,0.357
F01390,0.357
F01391,
F01393,0.637
F01394,
F01395,0.57
F01396,0.634
F01397,0.357
F01398,0.637
F01399,0.666
F01400,0.815
F01401,0.545
F01403,0.544
F01407,0.545
F01408,0.57
F01411,0.357
F01412,0.545
F01413,
F01414,0.38
F01417,0.357
F01418,0.357
F01419,0.357
F01420,0.364
F01421,0.382
F01422,0.378
F01423,0.38
F01424,0.382
F01425,0.364
F01426,0.387
F01427,0.378
F01428,0.382
F01429,0.357
F01430,
F01431,
F01432,0.507
F01434,0.403
F01435,0.378
F01436,0.379
F01437,0.378
F01439,0.379
F01440,0.316
F01441,0.459
F01442,0.392
F01443,0.378
F01444,0.379
F01445,0.405
F01446,0.382
F01447,0.374
F01448,0.405
F01449,0.307
F01450,0.404
F01451,0.401
F01452,0.405
F01453,0.405
F01454,0.405
F01455,0.405
F01456,0.405
F01457,0.404
F01458,0.405
F01459,0.405
F01461,0.405
F01462,0.405
F01463,0.4
F01464,0.438
F01465,0.41
F01466,0.407
F01467,0.57
F01468,0.57
F01469,0.57
F01470,
F01471,0.57
F01474,0.363
F01475,0.387
F01476,0.5
F01477,0.5
F01478,0.5
F01479,0.57
F01481,0.5
F01482,0.5
F01483,0.508
F01484,0.501
F01485,0.508
F01486,0.508
F01487,0.5
F01488,0.57
F01491,0.41
F01492,0.5
F01495,0.41
F01496,0.575
F01497,0.409
F01498,0.629
F01499,0.597
F01500,0.629
F01502,0.627
F01503,0.632
F01504,0.632
F01506,0.632
F01507,0.637
F01508,0.632
F01511,0.57
F01512,0.57
F01513,0.549
F01514,0.382
F01515,0.391
F01518,0.391
F01519,0.391
F01525,0.516
F01526,0.57
F01530,0.565
F01531,0.549
F01532,0.57
F01533,0.637
F01534,0.441
F01535,0.406
F01536,0.406
F01537,0.637
F01538,0.406
F01539,0.441
F01540,0.404
F01545,0.41
F01546,0.45
F01547,
F01548,
F01549,0.444
F01550,0.447
F01551,0.447
F01552,0.447
F01553,0.392
F01554,0.392
F01555,
F01556,
F01557,
F01558,
F01559,
F01560,0.571
F01561,0.443
F01562,
F01563,0.564
F01564,0.564
F01565,0.564
F01566,0.564
F01567,0.564
F01568,0.504
F01569,0.565
F01570,0.565
F01571,0.564
F01572,0.565
F01574,0.472
F01575,0.57
F01576,
F01577,0.472
F01578,
F01579,
F01580,
F01581,0.433
F01582,
F01583,0.433
F01584,0.444
F01585,0.433
F01586,
F01587,
F01588,0.446
F01589,0.446
F01590,0.446
F01591,0.446
F01592,0.446
F01593,0.446
F01594,0.446
F01595,0.446
F01596,0.446
F01597,0.446
F01600,0.446
F01601,0.447
F01602,0.447
F01603,0.447
F01604,0.347
F01605,0.433
F01606,0.386
F01608,0.392
F01609,0.441
F01610,0.441
F01611,0.441
F01612,0.441
F01613,
F01614,0.386
F01615,0.516
F01616,
F01617,
F01618,
F01619,0.516
F01620,0.516
F01621,0.516
F01622,0.516
F01623,0.44
F01624,0.516
F01625,0.44
F01626,0.44
F01628,
F01629,
F01630,0.44
F01631,
F01636,0.472
F01637,0.441
F01638,0.405
F01639,0.472
F01640,0.472
F01641,0.513
F01642,
F01644,
F01645,0.552
F01646,0.472
F01647,
F01648,
F01649,0.504
F01650,
F01652,
F01653,0.515
F01655,
F01658,
F01659,
F01660,
F01661,
F01662,
F01664,
F01665,
F01666,
F01667,
F01668,0.44
F01669,0.522
F01670,0.44
F01671,0.522
F01672,
F01673,
F01674,0.446
F01676,0.446
F01677,0.446
F01678,0.447
F01679,0.446
F01681,0.446
F01682,0.446
F01683,0.446
F01684,0.446
F01685,0.446
F01686,0.447
F01687,
F01688,
F01689,0.446
F01690,
F01691,
F01692,0.436
F01693,0.444
F01694,0.433
F01695,0.436
F01696,0.446
F01697,0.444
F01698,0.446
F01699,0.446
F01700,0.444
F01701,0.446
F01703,
F01704,0.446
F01705,
F01706,0.447
F01707,0.447
F01708,0.446
F01709,0.446
F01710,0.447
F01711,0.447
F01712,0.446
F01713,0.447
F01714,0.446
F01715,0.442
F01716,0.358
F01717,0.441
F01718,0.346
F01719,0.439
F01720,0.338
F01721,0.338
F01722,0.338
F01723,0.45
F01724,
F01725,0.513
F01726,
F01727,
F01728,0.44
F01729,
F01730,
F01731,0.564
F01732,0.564
F01733,0.563
F01734,0.564
F01735,0.595
F01736,0.571
F01737,0.571
F01738,0.571
F01739,0.524
F01741,0.524
F01744,0.571
F01745,0.571
F01746,
F01756,0.516
F01757,0.516
F01769,0.516
F01770,0.516
F01771,0.441
F01772,
F01773,0.516
F01774,0.441
F01775,0.516
F01776,0.476
F01777,0.46
F01778,0.476
F01779,
F01780,
F01781,0.516
F01782,0.516
F01783,0.516
F01784,0.441
F01785,0.441
F01786,0.441
F01787,0.441
F01788,0.476
F01789,
F01790,0.515
F01791,0.515
F01794,0.472
F01795,
F01796,0.431
F01797,0.584
F01798,0.618
F01799,0.618
F01800,0.472
F01803,0.472
F01804,
F01805,0.431
F01806,0.431
F01807,0.431
F01808,0.447
F01810,0.447
F01811,0.446
F01812,0.447
F01813,0.446
F01814,0.441
F01815,0.441
F01816,0.441
F01817,0.441
F01818,
F01819,0.516
F01822,
F01823,0.516
F01824,
F01825,0.516
F01826,0.516
F01827,
F01829,
F01830,0.446
F01831,
F01832,0.44
F01833,0.447
F01834,0.446
F01835,0.447
F01836,0.446
F01837,
F01838,0.446
F01839,
F01840,
F01841,0.446
F01842,0.446
F01843,0.446
F01844,0.436
F01845,0.446
F01846,0.442
F01847,0.358
F01848,0.37
F01849,0.338
F01850,0.516
F01851,0.516
F01852,0.516
F01853,0.476
F01854,
F01855,0.515
F01856,
F01857,0.618
F01858,0.392
F01859,0.392
F01860,0.516
F01861,0.516
F01862,0.516
F01863,0.516
F01864,0.37
F01865,0.37
F01866,0.447
F01867,0.446
F01868,0.392
F01869,0.392
F01870,0.423
F01872,0.392
F01873,0.392
F01874,0.392
F01875,0.392
F01880,
F01881,0.548
F01883,
F01885,0.349
F01886,0.349
F01888,0.349
F01889,0.349
F01890,0.349
F01891,0.349
F01892,0.349
F01893,0.532
F01894,0.531
F01895,0.593
F01896,0.531
F01897,0.536
F01898,0.528
F01899,0.682
F01900,0.683
F01901,0.531
F01902,0.538
F01903,0.551
F01904,0.551
F01905,0.551
F01908,0.962
F01909,0.962
F01913,0.962
F01914,0.581
F01915,0.788
F01916,0.694
F01917,0.683
F01918,0.694
F01919,0.694
F01920,0.694
F01921,0.694
F01922,0.694
F01923,0.694
F01924,0.694
F01925,0.694
F01926,0.695
F01927,0.694
F01928,0.695
F01929,0.694
F01930,0.695
F01931,0.697
F01932,0.962
F01933,0.695
F01934,0.694
F01935,0.962
F01936,0.962
F01937,0.962
F01938,0.56
F01939,0.587
F01940,0.807
F01941,0.693
F01942,0.807
F01943,0.809
F01944,0.56
F01945,0.56
F01946,0.694
F01947,0.694
F01948,0.694
F01951,0.694
F01952,0.694
F01955,0.694
F01956,0.694
F01958,0.717
F01959,0.694
F01960,0.625
F01962,0.788
F01964,
F01965,0.618
F01966,
F01967,
F01968,
F01969,
F01972,0.553
F01973,0.877
F01974,0.553
F01975,
F01976,0.553
F01977,
F01980,
F01981,
F01984,
F01985,0.762
F01986,0.606
F01988,0.606
F01989,0.651
F01990,0.651
F01991,0.807
F01992,0.616
F01995,0.807
F01997,0.807
F01998,0.807
F01999,0.807
F02000,0.807
F02003,0.807
F02004,
F02006,0.618
F02007,
F02009,0.651
F02010,
F02013,
F02014,
F02016,0.809
F02017,
F02019,
F02020,0.809
F02021,0.553
F02022,
F02024,0.809
F02025,0.551
F02026,0.809
F02027,0.551
F02028,0.782
F02029,0.782
F02030,0.551
F02031,0.551
F02032,0.717
F02033,0.694
F02034,0.876
F02035,0.694
F02038,0.694
F02039,0.691
F02040,0.717
F02042,0.694
F02044,0.694
F02046,0.858
F02047,0.691
F02048,0.804
F02051,
F02052,0.694
F02053,0.694
F02054,0.696
F02055,0.754
F02056,0.695
F02057,0.696
F02058,0.754
F02059,0.754
F02060,0.754
F02061,0.695
F02062,0.761
F02063,0.761
F02064,0.754
F02065,0.761
F02066,0.754
F02067,0.754
F02068,0.754
F02071,0.754
F02072,0.754
F02073,0.754
F02074,0.754
F02075,0.743
F02076,0.754
F02077,0.725
F02078,0.754
F02079,0.725
F02080,0.754
F02081,0.76
F02082,0.76
F02083,0.76
F02084,0.76
F02085,0.752
F02086,0.742
F02087,
F02088,0.694
F02089,0.674
F02090,0.694
F02091,0.674
F02092,0.694
F02093,
F02094,0.694
F02095,0.694
F02096,0.752
F02097,0.776
F02098,0.752
F02099,0.752
F02100,0.751
F02101,0.777
F02102,0.752
F02103,0.751
F02104,0.704
F02105,0.752
F02106,0.745
F02107,0.751
F02108,0.704
F02109,0.751
F02110,0.729
F02111,0.751
F02112,0.751
F02113,0.751
F02114,0.696
F02115,0.828
F02116,0.809
F02119,0.828
F02120,0.846
F02121,0.827
F02122,0.653
F02123,0.827
F02124,0.606
F02126,0.807
F02127,0.807
F02128,0.807
F02129,0.807
F02130,0.848
F02131,0.848
F02132,0.763
F02133,0.848
F02134,0.763
F02135,0.848
F02136,0.763
F02137,0.848
F02138,0.763
F02142,0.816
F02143,0.816
F02144,0.816
F02145,0.816
F02146,0.807
F02147,0.807
F02148,0.807
F02149,0.816
F02152,
F02153,0.874
F02154,0.807
F02155,0.876
F02156,
F02159,0.548
F02160,
F02161,0.548
F02162,0.548
F02163,0.751
F02164,0.745
F02165,0.827
F02166,0.751
F02167,0.797
F02168,
F02169,0.751
F02170,0.828
F02171,0.828
F02172,0.809
F02173,0.846
F02174,0.846
F02180,0.651
F02181,0.717
F02182,0.851
F02184,0.804
F02194,0.807
F02196,0.807
F02197,0.807
F02198,0.807
F02200,0.807
F02202,0.804
F02203,0.807
F02211,
F02212,
F02213,0.625
F02214,0.694
F02215,0.694
F02216,0.694
F02217,
F02218,0.694
F02222,0.651
F02224,0.876
F02225,0.657
F02226,0.754
F02227,0.754
F02228,0.754
F02229,0.754
F02232,0.694
F02233,0.962
F02234,0.606
F02235,0.651
F02236,
F02237,0.606
F02238,0.876
F02239,0.807
F02240,
F02241,
F02242,0.696
F02243,0.754
F02244,0.761
F02245,0.754
F02246,
F02247,0.694
F02252,0.809
F02253,0.807
F02254,0.848
F02255,0.807
F02259,0.618
F02260,
F02261,0.606
F02262,0.694
F02263,0.551
F02264,0.782
F02265,0.807
F02266,
F02267,0.694
F02270,
F02271,1.001
F02272,1.001
F02273,
F02274,0.674
F02275,0.674
F02276,
F02277,0.742
F02278,
F02279,0.956
F02280,0.798
F02281,0.956
F02282,0.798
F02283,0.798
F02284,0.956
F02285,0.809
F02286,0.798
F02287,0.798
F02288,0.791
F02289,0.791
F02290,0.793
F02291,0.882
F02292,0.882
F02294,0.793
F02295,0.78
F02296,0.751
F02297,0.791
F02298,0.791
F02299,0.791
F02300,0.791
F02301,0.791
F02302,0.845
F02303,0.806
F02305,0.791
F02306,0.791
F02309,
F02310,
F02311,0.804
F02313,0.833
F02314,0.833
F02315,0.833
F02316,0.973
F02317,0.973
F02318,0.973
F02319,0.973
F02320,0.833
F02321,0.827
F02322,0.827
F02323,0.794
F02324,0.814
F02325,0.794
F02326,0.794
F02327,0.805
F02328,0.784
F02329,0.851
F02330,0.811
F02332,0.811
F02333,0.804
F02335,0.807
F02337,0.804
F02338,0.779
F02339,0.792
F02340,0.804
F02341,0.909
F02342,0.779
F02343,0.779
F02344,0.794
F02345,0.778
F02346,0.794
F02347,0.785
F02348,0.762
F02349,0.83
F02350,0.76
F02351,0.831
F02352,0.806
F02353,0.806
F02355,0.76
F02356,0.762
F02357,0.76
F02358,0.762
F02359,0.753
F02360,0.753
F02361,0.76
F02362,0.76
F02364,0.743
F02365,
F02366,0.794
F02367,0.794
F02368,0.794
F02369,0.794
F02370,
F02371,0.794
F02374,0.753
F02375,0.76
F02376,0.753
F02377,0.756
F02378,0.834
F02379,0.753
F02380,0.753
F02383,0.806
F02384,0.807
F02385,0.804
F02386,0.806
F02387,0.973
F02388,0.849
F02389,0.895
F02390,0.85
F02391,0.895
F02392,0.85
F02393,0.85
F02394,0.85
F02395,0.85
F02396,0.882
F02397,0.85
F02398,0.844
F02399,0.883
F02400,0.882
F02401,0.882
F02402,0.787
F02403,0.787
F02404,0.787
F02405,0.97
F02406,0.97
F02407,0.801
F02408,0.801
F02409,0.801
F02411,0.801
F02413,0.783
F02414,0.782
F02415,
F02416,0.828
F02417,0.842
F02420,0.783
F02421,0.802
F02422,0.793
F02423,0.882
F02424,0.845
F02425,0.882
F02426,0.882
F02427,0.794
F02428,0.794
F02429,0.882
F02430,0.882
F02431,0.956
F02433,0.882
F02434,0.956
F02435,0.956
F02436,0.882
F02437,0.956
F02438,0.956
F02439,0.956
F02440,0.973
F02441,0.895
F02442,0.973
F02443,0.973
F02444,0.973
F02445,1.001
F02446,0.973
F02447,1.001
F02448,0.973
F02449,1.001
F02450,0.973
F02451,1.001
F02452,1.001
F02453,1.001
F02454,1.001
F02455,1.001
F02456,1.001
F02458,0.895
F02459,0.973
F02460,0.804
F02461,0.807
F02462,0.804
F02464,0.804
F02465,0.804
F02466,0.804
F02469,0.804
F02470,0.804
F02473,0.804
F02477,0.804
F02482,0.762
F02483,0.801
F02484,0.834
F02485,0.756
F02486,0.834
F02487,0.753
F02488,0.97
F02490,1.001
F02492,
F02493,
F02494,0.585
F02495,
F02496,0.653
F02497,
F02498,0.653
F02499,0.585
F02500,0.685
F02501,0.585
F02502,0.653
F02503,0.685
F02504,0.763
F02505,0.585
F02506,
F02507,0.888
F02508,0.783
F02509,0.783
F02510,0.789
F02511,0.763
F02512,0.763
F02513,0.736
F02514,0.763
F02515,0.736
F02516,0.763
F02517,0.763
F02519,0.783
F02521,0.763
F02522,
F02523,0.764
F02524,0.763
F02525,0.685
F02526,0.653
F02527,0.683
F02528,0.653
F02532,0.415
F02533,0.696
F02534,0.62
F02535,0.622
F02538,0.696
F02539,0.696
F02540,
F02541,0.569
F02542,0.569
F02543,0.564
F02544,0.564
F02545,0.569
F02547,0.415
F02548,0.415
F02549,0.569
F02550,0.569
F02551,0.569
F02552,0.688
F02553,0.569
F02554,0.569
F02557,0.569
F02558,0.569
F02559,0.569
F02560,
F02561,0.698
F02562,0.415
F02563,0.888
F02564,0.888
F02565,0.888
F02566,0.888
F02567,0.888
F02568,0.888
F02569,0.783
F02570,0.888
F02571,0.888
F02572,
F02573,0.763
F02574,1.16
F02575,0.698
F02576,0.698
F02577,0.696
F02578,0.733
F02579,0.732
F02581,0.734
F02583,0.698
F02584,0.698
F02585,0.688
F02586,0.688
F02587,0.688
F02588,0.569
F02589,0.688
F02590,0.688
F02591,0.688
F02592,0.569
F02593,0.755
F02595,
F02596,0.569
F02597,0.578
F02600,0.734
F02601,0.734
F02602,0.733
F02603,0.734
F02604,0.734
F02605,0.734
F02606,0.783
F02608,0.771
F02610,0.736
F02612,0.736
F02615,0.736
F02616,0.74
F02617,0.736
F02618,0.736
F02620,0.771
F02621,0.771
F02623,0.724
F02624,0.762
F02626,0.771
F02627,0.607
F02628,
F02629,0.676
F02630,0.698
F02631,
F02632,
F02635,0.698
F02636,0.569
F02639,0.771
F02640,0.664
F02642,0.653
F02643,
F02645,0.698
F02646,0.698
F02647,0.688
F02648,0.698
F02649,0.763
F02650,0.763
F02653,0.415
F02654,0.696
F02655,0.564
F02656,0.569
F02657,0.564
F02658,0.569
F02659,0.569
F02660,0.569
F02663,0.696
F02664,0.696
F02665,0.698
F02666,0.696
F02667,0.763
F02668,0.688
F02670,
F02671,
F02672,0.569
F02673,0.569
F02674,0.688
F02675,0.688
F02676,0.569
F02677,0.698
F02687,0.49
F02688,0.462
F02692,0.656
F02693,
F02694,
F02695,0.676
F02698,
F02699,0.596
F02700,
F02701,0.636
F02702,0.65
F02703,0.636
F02704,
F02705,0.636
F02706,0.636
F02707,0.636
F02708,0.636
F02709,0.614
F02711,0.614
F02712,0.614
F02713,
F02714,0.636
F02715,0.571
F02716,0.596
F02717,0.604
F02718,0.601
F02720,0.601
F02722,0.601
F02723,0.596
F02724,0.614
F02725,0.576
F02726,0.595
F02730,0.59
F02731,0.573
F02732,0.575
F02733,0.614
F02734,0.614
F02735,0.614
F02736,0.614
F02737,0.614
F02738,0.565
F02740,0.571
F02741,0.571
F02743,0.571
F02744,0.603
F02745,
F02746,0.571
F02747,
F02748,0.516
F02749,0.516
F02750,0.516
F02751,0.516
F02752,0.516
F02753,0.516
F02755,0.516
F02756,0.516
F02758,0.516
F02759,0.502
F02760,0.516
F02761,0.516
F02762,0.516
F02763,0.516
F02764,0.516
F02765,
F02766,0.57
F02767,0.516
F02768,0.516
F02769,0.516
F02770,0.516
F02771,0.516
F02772,0.516
F02773,0.57
F02774,
F02775,0.543
F02776,0.516
F02777,0.516
F02778,0.543
F02779,0.543
F02780,0.498
F02781,0.543
F02782,0.498
F02783,0.543
F02784,
F02785,0.543
F02786,0.521
F02787,0.521
F02788,0.521
F02789,0.521
F02790,0.605
F02791,0.57
F02792,0.597
F02793,0.597
F02794,0.57
F02795,0.64
F02796,0.516
F02797,0.606
F02798,0.57
F02799,0.57
F02800,0.597
F02801,0.57
F02802,0.57
F02803,0.597
F02804,0.605
F02805,0.679
F02806,0.597
F02807,0.597
F02808,0.597
F02809,0.597
F02810,0.597
F02811,0.609
F02812,0.615
F02813,0.625
F02814,0.605
F02815,0.605
F02816,0.605
F02817,0.625
F02818,0.6
F02819,0.599
F02820,0.636
F02821,0.625
F02823,0.607
F02824,0.636
F02826,0.636
F02827,0.636
F02828,0.636
F02829,0.638
F02830,0.64
F02831,0.64
F02832,0.595
F02835,0.636
F02836,0.621
F02837,0.595
F02844,0.636
F02845,0.636
F02846,
F02847,0.636
F02848,
F02849,0.636
F02850,0.49
F02851,0.49
F02852,0.636
F02853,0.49
F02854,0.49
F02855,0.481
F02857,0.482
F02858,0.537
F02859,0.49
F02861,0.595
F02863,0.532
F02865,0.6
F02866,0.6
F02867,0.6
F02868,0.6
F02869,0.6
F02873,0.595
F02875,0.564
F02876,0.595
F02879,0.591
F02880,0.591
F02881,0.562
F02882,0.6
F02884,0.595
F02886,0.595
F02893,
F02894,
F02895,0.595
F02898,0.644
F02899,0.595
F02900,0.636
F02901,0.595
F02902,0.6
F02903,0.595
F02904,0.644
F02905,0.575
F02906,0.644
F02907,0.644
F02908,0.644
F02909,0.591
F02911,0.492
F02913,
F02914,0.49
F02915,0.57
F02916,0.57
F02917,0.571
F02918,0.57
F02923,
F02924,
F02925,0.595
F02928,0.571
F02929,0.571
F02930,
F02931,
F02932,0.569
F02933,
F02934,0.498
F02935,0.543
F02936,0.498
F02937,
F02938,0.605
F02939,0.57
F02940,0.597
F02941,0.615
F02942,0.597
F02943,0.599
F02944,0.605
F02945,0.49
F02946,0.49
F02947,0.6
F02948,0.565
F02951,0.575
F02952,0.595
F02953,0.644
F02954,0.644
F02955,0.644
F02956,0.57
F02957,
F02960,0.636
F02961,0.621
F02962,0.6
F02963,0.591
F02966,0.595
F02967,0.595
F02968,0.516
F02969,0.516
F02970,0.516
F02971,0.516
F02972,0.636
F02973,0.636
F02974,0.596
F02979,0.598
F02980,
F02981,0.43
F02982,0.431
F02983,0.431
F02984,0.43
F02985,0.43
F02986,0.431
F02987,0.406
F02988,0.47
F02989,0.47
F02990,0.47
F02991,
F02992,0.47
F02993,
F02994,0.452
F02997,
F02998,
F02999,
F03000,0.446
F03001,0.446
F03003,0.446
F03004,0.446
F03005,0.446
F03008,0.446
F03009,0.446
F03010,0.446
F03011,0.454
F03012,0.479
F03013,0.454
F03014,0.446
F03015,0.454
F03016,0.479
F03017,0.454
F03018,0.479
F03019,0.479
F03020,0.479
F03021,0.479
F03022,0.479
F03023,0.479
F03024,0.48
F03025,0.454
F03026,0.419
F03028,0.479
F03030,0.454
F03032,0.446
F03033,0.48
F03034,0.417
F03035,0.417
F03036,0.417
F03037,0.417
F03038,
F03039,
F03040,
F03041,
F03042,
F03043,
F03045,0.454
F03046,0.419
F03047,
F03048,0.419
F03049,0.454
F03050,0.454
F03051,0.479
F03052,0.479
F03053,0.564
F03054,0.468
F03055,
F03056,0.468
F03057,0.479
F03058,0.468
F03059,0.468
F03060,0.468
F03062,0.462
F03063,0.48
F03064,
F03065,0.439
F03066,0.482
F03067,0.48
F03068,0.454
F03069,0.49
F03070,0.462
F03071,0.549
F03072,0.473
F03073,0.462
F03074,0.482
F03075,0.49
F03076,0.482
F03077,0.49
F03078,0.49
F03079,0.557
F03080,0.482
F03081,0.566
F03082,0.566
F03083,0.566
F03084,0.482
F03085,0.566
F03086,0.644
F03087,0.65
F03088,0.566
F03089,0.49
F03090,0.567
F03091,0.49
F03092,0.49
F03094,0.462
F03095,0.462
F03096,0.462
F03097,0.462
F03098,0.439
F03099,0.462
F03100,0.482
F03101,0.482
F03102,0.462
F03103,0.49
F03104,0.462
F03106,0.462
F03107,0.462
F03108,0.462
F03109,0.462
F03110,0.462
F03111,0.439
F03112,0.644
F03113,
F03114,0.462
F03115,0.473
F03116,0.462
F03117,0.462
F03118,0.462
F03119,0.439
F03120,0.462
F03121,0.462
F03122,0.462
F03123,0.462
F03124,0.462
F03125,0.433
F03126,0.426
F03127,0.433
F03129,0.433
F03130,0.462
F03131,0.462
F03133,0.462
F03134,0.439
F03135,0.426
F03136,0.426
F03137,0.636
F03138,0.426
F03139,0.426
F03140,0.462
F03141,
F03142,
F03143,0.47
F03144,0.447
F03145,0.448
F03146,0.448
F03147,0.448
F03148,0.448
F03149,0.426
F03150,0.448
F03151,0.426
F03152,0.426
F03153,0.432
F03154,0.426
F03155,0.426
F03156,0.439
F03158,0.426
F03159,0.433
F03160,0.426
F03161,0.426
F03162,0.439
F03166,0.426
F03167,0.423
F03168,0.557
F03169,0.476
F03170,0.479
F03171,0.479
F03172,0.566
F03173,0.566
F03174,0.566
F03175,0.479
F03176,0.479
F03177,0.462
F03179,0.454
F03180,0.49
F03181,0.566
F03182,0.621
F03183,0.621
F03184,
F03185,0.462
F03186,0.462
F03187,0.462
F03188,0.481
F03189,0.462
F03190,0.462
F03191,0.462
F03192,0.439
F03193,0.433
F03194,0.426
F03195,
F03196,0.636
F03197,
F03198,0.47
F03199,0.462
F03200,0.47
F03201,0.426
F03202,0.448
F03203,0.566
F03204,0.621
F03205,0.532
F03206,0.476
F03209,0.426
F03210,0.431
F03211,0.431
F03212,0.433
F03213,0.434
F03214,0.431
F03215,0.448
F03216,0.434
F03217,0.433
F03218,0.434
F03219,0.43
F03220,0.43
F03221,0.441
F03222,0.452
F03223,0.438
F03224,0.448
F03225,0.438
F03226,0.438
F03227,0.442
F03228,0.434
F03230,0.439
F03231,0.441
F03232,0.441
F03233,0.44
F03234,0.441
F03235,0.46
F03236,0.46
F03237,0.46
F03238,0.464
F03239,0.462
F03240,0.464
F03241,0.461
F03242,0.46
F03243,0.441
F03244,0.46
F03245,0.435
F03246,0.437
F03247,0.46
F03248,0.441
F03249,0.441
F03250,0.439
F03251,0.439
F03252,0.438
F03253,0.444
F03254,0.439
F03255,0.439
F03256,0.439
F03257,0.437
F03258,0.438
F03259,0.434
F03260,0.406
F03261,0.406
F03262,0.434
F03263,0.433
F03264,0.437
F03265,0.452
F03266,0.439
F03267,0.439
F03268,0.439
F03269,0.439
F03270,0.439
F03271,
F03272,0.476
F03273,
F03274,0.461
F03275,0.476
F03276,0.438
F03277,0.516
F03278,
F03279,0.543
F03280,0.439
F03282,0.439
F03283,0.439
F03286,0.454
F03287,0.455
F03290,0.454
F03291,0.455
F03292,0.426
F03295,0.426
F03296,0.434
F03297,0.434
F03298,0.439
F03299,0.426
F03300,0.426
F03301,0.4
F03302,0.4
F03303,0.402
F03304,0.411
F03305,0.4
F03306,0.43
F03308,0.439
F03309,0.433
F03311,0.46
F03313,0.461
F03314,0.461
F03315,0.462
F03316,0.455
F03317,0.457
F03318,0.455
F03319,0.456
F03320,0.457
F03321,0.456
F03322,0.43
F03323,0.43
F03324,0.448
F03325,0.462
F03326,0.462
F03327,0.462
F03328,0.455
F03329,0.417
F03330,
F03331,0.417
F03332,0.384
F03333,0.384
F03334,0.4
F03335,0.455
F03336,0.455
F03337,0.455
F03338,0.455
F03339,0.441
F03340,0.441
F03341,0.435
F03343,0.438
F03344,0.464
F03345,0.461
F03346,0.452
F03347,0.433
F03348,0.434
F03349,0.406
F03350,0.43
F03351,0.441
F03352,0.441
F03353,0.437
F03354,0.435
F03355,0.436
F03356,0.46
F03357,0.439
F03358,0.434
F03359,0.439
F03360,0.433
F03361,
F03362,0.47
F03363,0.439
F03364,
F03365,
F03366,0.439
F03367,0.435
F03368,0.476
F03369,0.47
F03370,
F03371,0.543
F03372,0.439
F03373,0.426
F03374,0.434
F03375,0.434
F03376,0.439
F03377,0.434
F03378,0.427
F03379,0.43
F03380,0.4
F03382,0.46
F03383,0.462
F03384,0.462
F03385,0.462
F03386,0.462
F03387,0.455
F03388,0.461
F03389,0.446
F03390,0.434
F03391,0.402
F03392,0.461
F03393,0.439
F03394,0.43
F03395,0.4
F03396,0.448
F03397,0.43
F03398,0.4
F03399,0.455
F03400,0.456
F03401,0.455
F03402,0.458
F03403,0.455
F03404,0.455
F03405,0.417
F03406,0.384
F03407,0.441
F03408,0.446
F03427,0.41
F03428,
F03429,
F03430,0.398
F03431,
F03432,0.398
F03433,0.419
F03434,0.272
F03435,0.419
F03436,0.272
F03437,0.31
F03438,0.372
F03439,0.35
F03440,0.419
F03441,0.356
F03442,0.356
F03443,0.355
F03444,
F03445,0.419
F03446,0.447
F03447,0.426
F03448,0.356
F03449,0.455
F03450,0.452
F03451,0.454
F03452,0.452
F03453,0.454
F03454,0.448
F03455,0.453
F03456,0.475
F03457,0.379
F03458,0.428
F03459,0.404
F03460,0.356
F03461,0.356
F03462,0.356
F03463,0.378
F03464,0.449
F03465,0.378
F03466,0.454
F03468,0.378
F03469,0.377
F03471,0.454
F03472,0.449
F03473,0.395
F03474,0.338
F03475,0.375
F03476,0.37
F03477,0.374
F03478,0.375
F03479,0.375
F03480,0.367
F03481,0.375
F03482,0.366
F03483,0.354
F03484,0.367
F03485,0.419
F03486,0.371
F03487,0.375
F03488,0.367
F03489,0.366
F03490,0.366
F03491,0.366
F03492,0.376
F03493,0.371
F03494,0.375
F03495,0.372
F03496,0.375
F03498,0.371
F03499,0.372
F03500,0.372
F03501,0.372
F03502,0.372
F03503,0.372
F03504,0.372
F03505,0.372
F03506,0.372
F03507,0.372
F03508,0.372
F03509,0.372
F03510,0.371
F03511,0.372
F03512,0.31
F03513,0.372
F03514,0.338
F03515,0.371
F03516,0.395
F03517,0.395
F03518,0.395
F03519,0.398
F03520,0.398
F03521,0.398
F03522,0.398
F03523,0.398
F03524,0.387
F03525,0.386
F03526,0.387
F03528,0.387
F03529,0.387
F03530,0.387
F03531,0.387
F03532,0.389
F03533,0.387
F03534,0.387
F03535,0.387
F03536,0.387
F03537,0.387
F03538,0.349
F03541,0.434
F03542,0.391
F03543,0.338
F03544,0.346
F03545,0.338
F03546,0.346
F03547,0.346
F03549,0.338
F03550,0.352
F03551,0.347
F03552,0.347
F03553,0.31
F03554,0.349
F03556,
F03557,
F03558,
F03559,
F03561,0.398
F03562,0.398
F03563,0.398
F03564,
F03565,0.398
F03566,0.372
F03567,0.375
F03568,0.372
F03569,0.372
F03570,0.372
F03571,0.372
F03572,0.447
F03573,0.357
F03574,0.372
F03575,0.372
F03576,0.356
F03577,0.354
F03578,0.356
F03579,0.353
F03580,0.375
F03581,0.356
F03582,0.356
F03583,0.356
F03585,0.372
F03586,0.372
F03587,0.395
F03588,0.395
F03589,0.398
F03590,0.387
F03591,0.387
F03592,0.398
F03593,0.381
F03594,0.434
F03595,0.349
F03596,0.398
F03597,0.387
F03598,0.358
F03599,0.356
F03600,0.45
F03601,0.398
F03602,0.372
F03603,0.375
F03604,0.447
F03605,0.395
F03610,0.395
F03620,0.388
F03621,0.394
F03623,0.388
F03624,0.386
F03625,0.372
F03626,0.388
F03631,0.375
F03632,0.36
F03633,0.385
F03634,0.386
F03635,0.385
F03636,
F03637,0.385
F03638,0.22
F03639,0.22
F03640,0.382
F03641,
F03642,0.349
F03643,
F03644,0.448
F03645,0.403
F03646,
F03647,0.403
F03648,0.448
F03649,0.388
F03650,0.377
F03651,0.388
F03652,0.388
F03653,0.403
F03654,0.388
F03655,0.403
F03656,0.448
F03657,0.448
F03658,0.396
F03659,0.375
F03661,0.388
F03662,0.403
F03663,0.377
F03664,0.388
F03665,0.377
F03672,0.377
F03674,0.332
F03675,0.373
F03676,0.375
F03677,0.377
F03679,0.332
F03680,0.351
F03681,0.382
F03682,0.371
F03683,0.385
F03684,0.382
F03685,0.385
F03686,0.374
F03687,0.403
F03688,
F03689,0.414
F03690,0.414
F03691,0.331
F03692,0.22
F03693,0.41
F03694,0.41
F03695,0.45
F03696,0.402
F03697,0.412
F03698,0.343
F03699,0.412
F03700,0.408
F03701,0.387
F03702,0.41
F03703,0.411
F03704,0.411
F03705,0.385
F03706,0.392
F03707,0.414
F03708,0.414
F03709,0.414
F03710,0.427
F03711,0.408
F03713,0.411
F03714,0.407
F03715,0.415
F03718,0.427
F03719,0.414
F03720,0.385
F03721,0.385
F03722,0.408
F03723,0.391
F03724,
F03725,0.403
F03726,0.432
F03727,0.432
F03728,0.432
F03729,0.432
F03730,0.432
F03731,0.432
F03732,0.432
F03733,0.432
F03734,0.432
F03735,0.432
F03737,0.429
F03739,0.429
F03741,0.432
F03742,0.401
F03743,0.401
F03744,0.401
F03745,
F03746,
F03747,
F03748,0.401
F03749,0.401
F03750,0.404
F03751,
F03752,0.432
F03753,0.419
F03754,0.419
F03755,0.427
F03756,0.432
F03757,0.429
F03758,
F03759,0.419
F03760,0.419
F03761,0.397
F03762,0.406
F03763,0.371
F03764,0.396
F03765,0.394
F03766,0.388
F03767,0.401
F03768,0.414
F03769,0.393
F03770,0.414
F03771,0.427
F03772,0.414
F03774,0.387
F03778,0.448
F03779,0.448
F03780,0.4
F03781,0.4
F03782,0.4
F03783,0.4
F03786,0.388
F03787,0.372
F03790,0.377
F03791,0.377
F03793,0.352
F03794,0.352
F03795,0.352
F03796,0.352
F03797,0.352
F03798,0.403
F03799,0.397
F03800,0.403
F03801,0.22
F03802,0.352
F03803,0.352
F03804,0.352
F03805,0.331
F03806,0.414
F03807,0.4
F03808,0.4
F03809,
F03810,0.377
F03814,0.433
F03816,0.382
F03817,
F03818,0.375
F03819,0.382
F03820,0.375
F03821,0.377
F03822,0.414
F03823,0.414
F03824,0.414
F03825,0.407
F03826,0.433
F03827,0.401
F03828,0.387
F03829,0.392
F03830,0.411
F03831,0.387
F03832,0.401
F03833,0.427
F03834,0.429
F03835,0.416
F03836,0.429
F03837,0.432
F03838,0.432
F03839,
F03840,0.419
F03841,
F03842,0.401
F03843,0.433
F03845,0.433
F03846,0.397
F03847,0.377
F03848,0.403
F03849,0.377
F03850,0.382
F03851,
F03852,0.352
F03853,0.377
F03854,0.352
F03855,0.377
F03856,0.331
F03857,0.382
F03858,0.349
F03859,0.388
F03860,0.403
F03861,0.403
F03862,0.403
F03863,0.382
F03864,0.382
F03865,0.382
F03866,0.382
F03867,0.352
F03868,0.372
F03869,0.4
F03870,0.402
F03871,0.382
F03872,0.351
F03873,0.382
F03874,0.375
F03875,0.448
F03876,0.382
F03877,0.382
F03878,0.382
F03879,0.388
F03880,0.404
F03881,0.41
F03882,0.41
F03883,0.352
F03885,0.352
F03887,0.352
F03888,0.351
F03889,0.351
F03890,0.408
F03891,0.406
F03892,0.386
F03893,0.388
F03894,0.406
F03895,0.462
F03896,0.366
F03897,0.462
F03898,0.405
F03899,0.406
F03900,0.403
F03903,0.432
F03904,0.432
F03905,0.432
F03906,0.432
F03907,0.351
F03908,0.366
F03909,0.351
F03911,0.351
F03912,0.366
F03913,0.509
F03914,0.351
F03915,0.366
F03916,0.462
F03917,0.462
F03918,0.462
F03919,0.338
F03920,0.321
F03921,0.36
F03922,0.401
F03923,0.36
F03924,0.402
F03925,0.4
F03926,0.406
F03927,0.404
F03931,0.42
F03932,0.404
F03940,0.407
F03941,0.411
F03942,0.433
F03943,
F03944,0.401
F03945,0.409
F03946,0.406
F03947,0.432
F03950,0.433
F03951,0.432
F03952,0.432
F03953,0.432
F03954,0.42
F03955,0.409
F03956,0.367
F03957,0.431
F03958,0.322
F03959,
F03960,
F03961,0.406
F03963,0.321
F03964,0.349
F03965,0.401
F03966,0.367
F03967,0.321
F03968,0.36
F03969,0.36
F03970,0.321
F03971,0.356
F03972,0.367
F03973,0.401
F03974,0.367
F03975,0.356
F03976,0.297
F03977,0.411
F03978,0.371
F03979,0.406
F03980,0.411
F03981,0.367
F03982,0.367
F03983,0.367
F03984,0.367
F03985,0.411
F03986,0.371
F03989,0.367
F03990,0.367
F03991,0.367
F03992,0.394
F03993,0.367
F03995,0.391
F03996,0.371
F03997,0.412
F03998,0.406
F03999,0.412
F04000,0.371
F04002,0.367
F04003,0.411
F04004,0.411
F04005,
F04006,0.401
F04015,0.405
F04017,0.405
F04018,0.405
F04019,0.405
F04020,0.431
F04021,0.406
F04022,0.411
F04024,0.367
F04025,0.367
F04026,0.411
F04027,0.371
F04028,0.432
F04029,0.432
F04030,0.432
F04031,0.432
F04033,0.371
F04034,0.367
F04035,0.367
F04036,0.367
F04037,0.462
F04038,0.462
F04039,0.411
F04041,0.332
F04042,0.312
F04043,0.356
F04044,0.301
F04045,
F04046,
F04048,
F04049,
F04050,0.363
F04051,0.308
F04054,0.419
F04055,0.332
F04056,0.446
F04057,0.312
F04058,0.465
F04059,0.313
F04060,0.302
F04061,0.301
F04062,
F04063,0.301
F04064,
F04065,0.357
F04066,0.333
F04067,0.333
F04068,
F04069,0.328
F04070,
F04071,0.332
F04072,0.332
F04073,0.332
F04074,
F04075,
F04077,0.317
F04078,0.324
F04079,0.323
F04080,0.302
F04081,0.302
F04083,0.325
F04085,0.339
F04086,0.332
F04087,
F04088,
F04089,
F04090,0.317
F04092,
F04094,
F04095,
F04096,
F04097,0.317
F04098,0.301
F04099,0.299
F04100,0.367
F04101,0.382
F04102,0.357
F04103,0.357
F04104,0.324
F04105,
F04106,0.299
F04107,0.301
F04108,0.348
F04109,0.481
F04110,0.357
F04111,0.301
F04112,0.301
F04113,0.299
F04114,0.301
F04115,0.321
F04116,0.302
F04117,0.301
F04118,0.446
F04119,0.403
F04120,0.359
F04121,0.372
F04122,0.398
F04123,0.397
F04124,0.398
F04125,0.466
F04126,0.301
F04127,0.407
F04128,0.399
F04129,0.402
F04130,0.376
F04131,0.402
F04132,0.399
F04133,0.481
F04134,0.357
F04135,0.481
F04136,0.481
F04137,0.374
F04138,0.357
F04139,0.348
F04140,0.509
F04141,0.509
F04142,0.363
F04143,0.361
F04144,0.398
F04145,0.38
F04146,0.363
F04147,0.333
F04148,0.406
F04149,0.403
F04152,0.402
F04153,0.399
F04154,
F04155,0.301
F04156,0.332
F04157,0.325
F04158,0.313
F04159,0.302
F04160,0.302
F04161,0.317
F04162,0.312
F04163,0.302
F04164,0.302
F04165,0.325
F04166,0.337
F04167,
F04168,
F04169,
F04170,0.356
F04171,0.297
F04172,0.382
F04173,0.374
F04174,0.4
F04177,0.391
F04178,0.439
F04179,0.367
F04181,0.362
F04182,0.394
F04185,0.391
F04186,0.394
F04187,0.367
F04188,0.394
F04189,0.367
F04191,0.377
F04192,0.382
F04193,0.378
F04194,0.393
F04195,0.394
F04196,0.394
F04197,0.393
F04198,0.376
F04199,0.371
F04200,0.378
F04201,0.359
F04202,0.383
F04203,0.405
F04204,0.405
F04205,0.378
F04206,0.377
F04207,0.385
F04208,0.385
F04209,0.405
F04210,0.374
F04211,0.386
F04212,0.377
F04213,0.445
F04214,0.367
F04215,0.367
F04216,0.367
F04217,0.374
F04218,0.37
F04219,0.362
F04220,0.367
F04221,0.362
F04222,0.362
F04223,0.362
F04224,0.362
F04226,0.362
F04227,0.362
F04228,0.362
F04229,0.362
F04230,0.362
F04231,0.362
F04232,0.359
F04233,0.386
F04234,
F04235,0.386
F04236,0.359
F04237,0.359
F04238,0.385
F04239,0.405
F04240,0.425
F04241,0.385
F04242,0.386
F04243,0.385
F04244,
F04245,0.385
F04247,
F04248,0.385
F04249,0.372
F04250,0.385
F04251,0.372
F04252,0.385
F04253,0.385
F04254,0.386
F04255,0.385
F04256,0.385
F04257,0.362
F04258,0.362
F04259,0.385
F04260,0.386
F04261,0.362
F04262,0.362
F04263,0.362
F04264,0.362
F04267,0.391
F04268,0.391
F04269,
F04273,0.383
F04274,0.307
F04278,0.377
F04279,0.398
F04280,0.386
F04281,
F04283,0.383
F04284,0.307
F04285,
F04286,0.307
F04287,
F04288,0.307
F04289,
F04290,
F04291,0.378
F04292,0.378
F04293,0.378
F04294,0.383
F04295,0.393
F04296,0.394
F04297,0.357
F04298,0.634
F04299,0.396
F04300,0.391
F04301,0.4
F04302,0.396
F04306,0.407
F04307,0.395
F04311,0.393
F04312,0.396
F04314,0.392
F04315,0.411
F04316,0.394
F04317,0.405
F04318,0.391
F04320,0.391
F04321,0.39
F04323,0.392
F04324,0.392
F04325,0.392
F04327,0.392
F04328,0.392
F04329,0.392
F04330,0.39
F04332,0.39
F04333,0.392
F04334,0.386
F04335,0.377
F04336,0.395
F04337,0.387
F04338,0.372
F04339,0.385
F04340,0.405
F04341,0.367
F04342,0.362
F04343,
F04344,0.386
F04345,
F04346,
F04347,
F04348,0.385
F04349,0.383
F04350,0.383
F04351,
F04352,
F04353,
F04354,
F04355,0.391
F04356,0.396
F04357,
F04358,0.378
F04359,0.378
F04360,0.359
F04361,0.378
F04362,0.367
F04363,0.362
F04364,0.372
F04366,0.383
F04367,0.378
F04370,0.531
F04371,0.536
F04373,0.523
F04374,0.521
F04375,0.621
F04376,0.532
F04377,0.603
F04378,0.621
F04379,0.621
F04380,0.621
F04381,0.551
F04382,0.551
F04383,0.551
F04384,0.551
F04389,0.448
F04390,0.548
F04391,
F04392,
F04393,
F04394,0.563
F04395,0.563
F04396,0.551
F04397,0.551
F04398,0.551
F04400,0.551
F04402,0.551
F04403,0.518
F04405,0.551
F04406,0.551
F04407,0.553
F04408,0.519
F04409,0.551
F04410,0.553
F04411,0.55
F04412,0.518
F04413,0.553
F04414,0.55
F04415,0.465
F04416,0.465
F04417,0.55
F04418,0.576
F04419,0.513
F04420,0.576
F04421,0.576
F04422,0.513
F04423,0.431
F04424,0.431
F04425,0.431
F04426,0.431
F04427,0.431
F04428,0.431
F04429,0.567
F04430,0.431
F04431,0.497
F04432,0.451
F04433,0.451
F04434,0.519
F04435,0.553
F04436,0.455
F04437,0.563
F04438,0.431
F04439,0.563
F04440,0.45
F04441,0.431
F04442,0.45
F04443,0.454
F04444,0.431
F04445,0.454
F04446,0.454
F04447,0.454
F04448,0.455
F04449,0.455
F04450,0.454
F04451,0.454
F04452,0.455
F04453,0.426
F04454,0.459
F04455,0.451
F04456,0.426
F04457,0.427
F04458,0.426
F04459,0.443
F04460,0.426
F04461,0.443
F04462,0.426
F04463,0.443
F04464,0.426
F04466,0.426
F04467,0.365
F04468,0.391
F04469,0.428
F04470,0.448
F04471,0.393
F04472,0.393
F04473,0.448
F04474,0.393
F04475,0.448
F04476,0.448
F04477,0.381
F04478,0.391
F04479,0.449
F04480,0.135
F04481,0.377
F04482,
F04483,0.377
F04484,0.35
F04485,0.378
F04486,0.381
F04487,0.378
F04488,0.381
F04489,0.381
F04490,0.314
F04491,0.377
F04492,0.314
F04493,0.377
F04494,0.365
F04495,0.135
F04496,0.135
F04497,0.135
F04498,0.377
F04499,0.314
F04501,0.135
F04502,0.135
F04503,0.135
F04504,0.135
F04505,0.135
F04506,0.135
F04509,0.135
F04510,0.449
F04511,0.43
F04512,0.391
F04513,0.448
F04514,0.448
F04515,0.377
F04516,0.35
F04517,0.455
F04521,0.391
F04523,0.392
F04524,0.332
F04525,0.333
F04526,0.362
F04528,0.306
F04529,0.304
F04530,0.303
F04531,0.308
F04532,0.303
F04533,0.306
F04536,0.304
F04537,0.306
F04538,0.303
F04539,0.303
F04542,0.303
F04543,0.306
F04544,0.367
F04545,0.303
F04550,0.304
F04551,0.301
F04552,0.392
F04553,0.304
F04554,0.369
F04555,0.355
F04556,0.368
F04557,0.355
F04558,0.362
F04559,0.369
F04560,0.362
F04561,0.369
F04562,0.362
F04563,0.375
F04564,0.325
F04565,0.324
F04566,0.362
F04567,0.362
F04568,0.303
F04569,0.306
F04570,0.392
F04571,0.304
F04572,0.323
F04573,0.325
F04574,0.332
F04575,0.333
F04576,0.333
F04577,0.333
